OTU_id	1	2	3	4	5	6	7	8	9	10	11	12	13	14	15	16	17	18	19	20	21	22	23	24	25	26	27	28	29	30	31	32	33	34	35	36	37	38	39
Acidobacteria_03_3	0	58	0	0	0	0	0	2	0	0	17	21	0	4	1	0	0	0	0	0	0	38	48	60	44	0	0	25	5	0	0	0	69	34	68	43	41	43	11
Acidobacteria_03_9	0	2	0	0	0	0	0	0	0	0	0	0	0	0	0	0	0	0	0	0	0	1	6	7	2	0	0	2	0	0	0	0	8	3	0	18	0	4	0
Acidobacteria_03_20	0	96	1	0	0	0	0	1	0	0	15	9	0	3	0	0	0	0	0	0	0	57	49	65	42	0	0	17	15	0	0	0	42	29	20	53	21	41	0
Acidobacteria_03_29	0	40	1	1	0	0	0	0	0	0	16	5	0	0	0	0	0	0	0	0	0	16	33	37	33	1	0	5	55	0	0	0	75	21	70	24	45	44	36
Acidobacteria_03_30	0	27	0	0	0	0	0	4	0	0	3	14	0	0	0	0	0	0	0	0	0	7	17	41	36	0	0	13	28	0	0	0	17	9	36	28	21	43	8
Acidobacteria_03_34	0	0	0	0	0	0	0	0	0	0	2	2	0	5	0	0	0	0	0	0	0	12	29	5	3	0	0	0	0	0	0	0	61	97	25	26	21	18	18
Acidobacteria_03_48	0	20	0	0	0	0	0	0	0	0	0	0	0	6	0	0	0	0	0	0	0	18	28	16	37	0	0	8	1	0	0	0	26	3	2	35	16	16	2
Acidobacteria_03_127	0	1	0	0	0	0	0	0	0	0	0	4	0	0	0	0	0	0	0	0	0	9	6	2	1	0	0	1	0	0	0	0	15	6	0	18	5	22	0
Acidobacteria_03_129	0	48	0	0	0	0	0	0	0	0	1	0	0	0	0	0	0	0	0	0	0	0	9	10	13	0	0	3	14	0	0	0	0	0	2	3	0	1	0
Acidobacteria_03_199	0	30	0	0	0	0	0	0	0	0	4	1	0	0	0	0	0	0	0	0	0	0	8	10	4	0	0	2	29	0	0	0	17	3	29	19	26	24	31
Acidobacteria_03_288	0	21	0	0	0	0	0	0	0	0	0	2	0	0	0	0	0	0	0	0	0	0	9	7	5	0	0	3	0	0	0	0	0	0	4	0	2	3	0
Acidobacteria_03_296	0	19	0	0	0	0	0	0	0	0	1	0	0	0	0	0	0	0	0	0	0	0	5	3	2	0	0	2	11	0	0	0	16	0	10	2	31	11	3
Acidobacteria_03_425	0	13	0	0	0	0	0	0	0	0	0	0	0	0	0	0	0	0	0	0	0	6	7	4	11	0	0	5	0	0	0	0	0	0	0	5	0	6	0
Actinobacteria_03_3	0	14	0	0	0	0	0	1	2	0	2	0	0	0	0	0	39	5	119	4	0	177	208	156	94	15	15	91	35	0	11	0	1	3	3	30	8	2	6
Actinobacteria_03_5	107	311	228	163	121	25	105	488	675	11	409	179	9	329	120	16	0	0	0	0	0	326	133	532	1094	280	6	670	462	2	1	1	1681	1707	942	290	355	293	134
Actinobacteria_03_7	0	0	0	0	43	1	3	0	0	0	0	0	0	0	0	9	0	0	0	0	0	0	0	0	0	0	0	0	0	0	0	0	0	0	0	0	0	0	0
Actinobacteria_03_9	0	0	0	0	0	0	0	0	0	0	0	0	0	0	0	0	0	0	0	0	0	27	0	2	26	0	0	0	1	0	0	0	0	0	4	6	2	0	5
Actinobacteria_03_15	0	0	0	0	0	0	0	0	0	1	0	1	1	2	0	1	0	0	5	0	0	38	10	10	20	0	4	17	47	1	0	0	0	3	0	1	2	0	0
Actinobacteria_03_24	0	1	0	0	1	0	0	0	1	0	0	0	0	0	0	0	6	4	22	6	1	24	37	43	56	3	2	10	11	0	0	0	0	0	0	0	0	0	2
Actinobacteria_03_27	44	1	33	11	242	152	644	2	997	358	5	129	473	31	19	12	4	4	17	8	25	6	0	0	0	118	69	0	3	0	0	0	0	0	0	0	0	0	0
Actinobacteria_03_30	5	0	10	23	20	2	8	0	3	0	0	1	2	0	0	26	0	0	0	0	0	0	0	0	0	2	0	0	1	0	0	0	0	30	8	0	0	1	0
Actinobacteria_03_31	0	0	1	2	19	1	18	0	5	5	0	0	0	0	0	7	0	0	0	0	0	0	0	0	0	0	0	0	0	0	0	0	0	0	0	0	0	0	0
Actinobacteria_03_33	30	0	0	10	0	0	0	0	5	0	0	1	0	0	0	0	0	0	0	0	0	0	0	0	0	1	4	0	0	1	0	0	0	0	0	4	0	0	0
Actinobacteria_03_34	3	32	3	6	0	4	0	15	28	0	74	21	0	0	6	0	0	0	0	0	0	1	21	33	73	136	2	29	112	0	0	0	159	32	102	51	103	79	48
Actinobacteria_03_36	8	0	9	25	265	15	12	0	3	2	0	5	4	1	1	32	16	3	4	0	5	0	0	0	1	0	20	0	0	0	0	0	0	2	0	0	0	0	0
Actinobacteria_03_38	0	8	0	0	0	0	0	1	0	0	1	0	0	0	0	0	0	0	0	0	0	3	0	0	0	0	0	0	0	0	0	0	3	2	0	20	10	3	1
Actinobacteria_03_41	185	13	169	99	1	57	1	239	198	0	78	8	0	7	95	4	0	0	0	0	0	1	0	1	1	166	2	1	255	0	0	0	0	1	18	0	1	2	31
Actinobacteria_03_42	8	4	16	16	100	5	17	0	3	8	0	7	15	2	0	16	6	1	4	0	2	0	0	0	0	1	9	0	1	0	0	0	0	0	0	0	0	0	0
Actinobacteria_03_44	6	6	17	28	108	17	571	4	140	350	0	147	461	5	3	0	25	36	67	13	29	0	0	0	0	4	52	0	6	0	0	0	0	0	0	0	0	0	0
Actinobacteria_03_45	0	21	0	0	0	0	0	0	0	0	42	20	0	0	0	0	0	0	0	0	0	0	9	15	32	0	0	23	4	0	0	0	352	2	93	59	99	23	7
Actinobacteria_03_62	0	0	0	0	0	0	0	0	0	0	0	0	0	0	0	0	0	0	0	0	0	0	0	0	0	0	0	0	0	35	18	4	1	0	0	0	0	0	2
Actinobacteria_03_65	0	0	0	0	0	0	0	0	0	0	0	0	0	0	0	0	0	0	0	0	0	0	17	0	0	0	0	0	0	0	0	0	522	14	1	63	10	17	5
Actinobacteria_03_89	0	0	0	0	0	0	0	0	0	0	0	0	0	0	0	0	0	0	0	0	0	18	6	2	14	0	0	2	97	0	0	0	0	0	0	0	0	0	0
Actinobacteria_03_91	0	0	0	0	0	0	0	0	0	0	0	0	0	0	0	0	6	0	14	3	0	12	5	16	5	0	1	8	1	0	0	0	0	0	0	0	0	0	0
Actinobacteria_03_93	13	0	44	0	0	0	0	141	668	0	2	4	0	2	82	0	0	0	0	0	0	0	0	0	0	67	1	0	37	0	0	0	0	0	0	0	0	0	0
Actinobacteria_03_121	0	3	0	0	0	0	0	1	0	0	0	3	0	0	0	0	0	0	0	0	0	0	1	11	11	2	0	8	12	0	0	0	25	4	22	10	2	7	1
Actinobacteria_03_247	0	0	0	0	0	0	0	0	0	0	0	0	0	0	0	0	0	0	0	0	0	0	0	0	0	0	0	0	2	0	0	0	0	1	4	11	23	1	14
Actinobacteria_03_271	0	0	0	0	0	0	0	0	0	0	0	0	0	0	0	0	0	0	0	0	0	81	82	13	2	0	0	37	1	0	0	0	0	0	0	0	0	0	0
Actinobacteria_03_304	0	0	0	0	0	0	0	0	0	1	0	0	0	0	0	0	0	0	0	0	0	83	3	22	5	0	0	1	22	0	0	0	0	0	0	0	1	0	0
Actinobacteria_03_314	68	0	9	0	0	16	0	0	0	0	0	3	0	7	0	0	0	0	0	0	0	1	0	0	0	68	4	0	0	0	0	0	0	0	0	0	0	0	0
Actinobacteria_03_430	8	0	0	22	0	8	0	0	128	1	0	1	0	3	36	4	0	0	0	0	0	0	0	0	0	42	1	0	0	0	0	0	0	0	0	0	0	0	0
Actinobacteria_03_441	20	0	14	5	0	0	0	13	43	0	0	1	0	0	6	0	0	0	0	0	0	0	0	0	0	6	0	0	0	0	0	0	0	0	1	0	0	0	0
Actinobacteria_03_498	0	4	0	0	0	0	0	0	0	0	1	1	0	2	0	0	0	0	0	0	0	4	2	2	2	0	0	8	9	0	0	0	1	4	0	14	4	3	0
Actinobacteria_03_781	36	0	2	0	0	0	0	0	0	0	0	2	0	0	0	0	0	0	0	0	0	0	0	0	0	11	0	0	0	0	0	0	0	0	0	0	0	0	0
Actinobacteria_03_841	7	0	3	6	0	0	14	1	6	3	0	5	3	2	0	0	0	4	10	5	1	0	0	0	0	1	12	0	0	0	0	0	0	0	1	0	0	0	0
Actinobacteria_03_994	0	0	0	0	0	0	0	9	9	0	0	0	0	0	0	0	0	0	0	0	0	5	0	0	1	0	0	1	37	0	0	0	2	3	0	0	0	0	0
Bacteroidetes_03_1	7	0	20	5	0	82	5	7	17	1	2	1	4	21	5	15	16	2	3	12	61	12	11	0	23	6	1	21	5	1065	1365	470	3	2	0	5	1	0	1
Bacteroidetes_03_6	1	0	3	0	3	0	1	1	5	0	1	0	2	3	0	2	0	2	0	0	1	2	0	0	0	10	1	0	0	358	767	976	0	25	0	1	0	0	0
Bacteroidetes_03_7	66	2	41	68	211	203	145	2	80	197	4	45	196	13	7	81	351	736	198	175	79	1	0	0	3	112	148	3	0	419	501	371	42	0	1	0	1	0	0
Bacteroidetes_03_12	41	0	2	86	58	123	20	3	3	13	0	6	3	5	2	37	82	11	8	13	206	2	3	6	2	10	85	2	0	37	6	1	0	3	0	6	0	0	0
Bacteroidetes_03_14	107	0	93	81	51	28	122	32	151	60	3	19	93	9	74	91	25	27	84	50	170	0	2	0	0	191	17	0	10	51	133	207	0	0	0	0	0	1	0
Bacteroidetes_03_18	0	0	0	0	0	0	0	0	0	0	0	0	0	0	0	0	0	0	0	0	0	0	0	0	0	0	0	0	0	1007	1779	399	0	0	0	1	0	0	0
Bacteroidetes_03_22	440	2	191	526	235	346	297	16	535	159	6	120	247	26	198	17	1018	2267	446	929	397	0	1	0	2	215	139	0	2	0	0	0	0	0	2	0	1	0	0
Bacteroidetes_03_23	1	0	2	0	0	1	3	3	3	0	39	0	0	0	0	0	0	4	5	1	76	1	3	1	0	2	0	4	0	15	11	12	0	1	0	0	0	0	0
Bacteroidetes_03_26	218	49	200	333	410	132	280	143	421	182	144	76	332	61	94	66	205	386	429	449	202	28	13	2	20	306	104	10	73	6	19	15	82	41	11	0	8	0	2
Bacteroidetes_03_27	1	0	1	3	2	4	4	0	2	0	0	0	0	0	0	2	0	1	2	0	0	0	0	0	0	0	0	0	0	150	134	180	0	0	0	0	0	0	0
Bacteroidetes_03_32	0	14	6	10	2	1	4	3	4	0	0	5	1	0	1	0	0	0	0	0	0	0	0	0	0	0	0	0	0	0	0	0	0	0	0	0	0	0	0
Bacteroidetes_03_33	0	1	0	0	0	0	0	0	0	0	0	0	0	0	0	0	0	0	0	0	0	0	0	0	0	0	0	1	0	55	63	25	3	3	0	1	0	0	0
Bacteroidetes_03_45	21	0	11	1	0	22	4	2	1	10	0	0	2	0	0	12	0	0	1	0	0	0	0	0	0	11	0	0	0	33	59	25	0	0	0	4	0	0	0
Bacteroidetes_03_46	133	7	130	191	22	126	283	68	480	132	3	52	291	13	123	33	79	33	109	125	101	4	0	0	1	105	95	1	20	0	0	0	0	1	0	0	0	1	0
Bacteroidetes_03_47	20	0	23	154	475	21	149	0	15	96	1	48	153	1	2	6	145	133	182	71	180	0	0	0	0	8	20	0	0	0	0	0	0	0	0	0	0	0	0
Bacteroidetes_03_50	0	0	0	0	0	0	0	0	0	0	0	0	0	0	0	0	0	0	0	0	0	19	5	31	19	0	0	1	28	0	0	0	0	0	0	0	0	0	0
Bacteroidetes_03_56	15	0	13	5	0	6	0	0	0	0	0	3	0	1	0	19	2	10	11	4	47	0	0	0	0	3	24	0	0	0	0	0	0	0	0	0	0	0	0
Bacteroidetes_03_57	56	3	71	6	0	14	6	1	2	2	0	5	5	7	73	46	15	2	11	18	3	0	0	0	0	4	13	0	0	69	181	63	0	0	0	0	0	0	0
Bacteroidetes_03_59	4	0	1	0	0	2	0	5	8	0	0	2	0	4	2	0	0	0	0	0	0	0	0	0	0	1	0	0	0	1115	516	384	0	37	0	0	0	0	0
Bacteroidetes_03_61	0	0	0	0	0	0	0	0	0	0	0	0	0	0	0	0	0	0	0	0	0	0	0	0	0	0	0	0	0	576	1702	462	0	0	0	0	0	0	0
Bacteroidetes_03_62	171	0	183	191	40	34	118	47	208	83	2	60	128	16	236	3	50	57	71	62	42	67	0	0	1	27	16	0	2	401	12	24	0	5	0	0	0	0	0
Bacteroidetes_03_66	82	1	87	144	51	258	248	53	538	173	15	103	229	6	77	180	27	54	127	41	0	0	0	0	0	67	9	0	5	0	0	0	0	0	0	0	0	0	0
Bacteroidetes_03_70	9	0	7	5	52	0	31	0	0	32	1	5	53	0	0	0	43	42	65	24	53	0	0	0	0	0	4	0	0	0	0	0	0	0	0	0	0	0	0
Bacteroidetes_03_78	47	5	11	7	1	254	4	2	53	2	1	3	0	37	12	14	3	4	0	2	3	0	0	0	3	27	13	0	0	0	0	6	3	0	0	0	0	0	1
Bacteroidetes_03_79	8	0	31	104	14	2	254	0	41	183	0	74	205	0	0	0	503	438	628	276	428	0	0	0	0	0	11	0	0	0	0	0	0	0	0	0	0	0	0
Bacteroidetes_03_80	0	0	0	0	0	0	0	0	0	0	1	0	0	0	0	0	0	0	0	0	0	0	0	0	0	0	0	0	0	44	12	18	1	8	0	0	0	0	0
Bacteroidetes_03_82	440	2	276	106	1	74	0	5	104	2	1	26	0	18	23	7	11	4	5	5	39	0	0	4	0	42	107	0	2	66	285	278	2	0	2	0	0	0	4
Bacteroidetes_03_86	0	0	0	0	0	0	0	0	0	0	0	0	0	0	0	0	1	0	5	0	2	0	1	5	1	1	0	3	31	0	0	0	0	0	1	3	3	0	0
Bacteroidetes_03_89	0	0	0	14	30	0	0	0	0	0	0	0	0	0	0	0	0	0	0	0	0	0	0	0	0	0	0	0	0	24	1	1	0	0	0	0	0	0	0
Bacteroidetes_03_95	0	0	0	2	128	1	0	0	0	0	0	0	1	0	0	0	0	0	0	0	0	0	0	0	0	0	0	0	0	0	0	0	0	0	0	0	0	0	0
Bacteroidetes_03_97	0	0	0	0	0	0	0	0	0	0	0	0	0	0	0	0	0	0	0	0	0	0	0	0	0	0	0	0	0	432	229	318	0	0	0	0	0	0	0
Bacteroidetes_03_98	98	1	211	48	1	17	3	94	105	1	18	13	0	25	110	2	0	0	0	0	1	9	8	4	8	79	0	16	14	16	7	14	62	16	3	0	5	4	0
Bacteroidetes_03_106	37	0	19	14	195	4	13	0	15	4	0	3	1	1	0	0	36	9	10	9	33	0	0	2	0	0	29	0	0	0	0	0	0	0	0	2	0	0	0
Bacteroidetes_03_108	0	0	0	0	0	0	1	1	1	0	0	0	0	0	0	0	1	1	0	1	64	0	1	0	1	1	0	3	1	6	5	2	0	0	0	0	0	0	0
Bacteroidetes_03_119	10	0	8	20	48	30	25	0	31	8	1	3	10	1	1	8	42	91	23	42	42	2	0	0	0	0	90	0	0	0	0	0	0	0	1	0	0	0	0
Bacteroidetes_03_121	0	0	0	2	2	68	2	11	3	9	0	10	25	128	28	10	0	0	0	0	0	65	42	11	288	12	0	52	7	19	4	0	0	7	0	0	0	0	0
Bacteroidetes_03_128	60	10	118	137	307	47	82	0	97	35	3	11	102	9	18	62	99	49	22	41	26	0	0	0	0	55	25	0	0	101	138	163	0	0	0	2	0	0	1
Bacteroidetes_03_130	0	0	0	0	0	0	0	0	0	0	1	0	0	44	0	0	0	0	0	0	0	0	0	0	0	0	0	0	0	2	0	0	0	6	0	0	0	0	0
Bacteroidetes_03_137	0	0	3	4	2	1	23	1	16	5	0	4	19	1	7	1	7	5	16	31	25	1	0	0	0	0	14	0	0	0	0	0	0	0	0	0	0	0	0
Bacteroidetes_03_141	0	0	6	0	2	3	2	1	1	0	0	2	1	1	0	0	3	5	0	5	2	0	0	0	0	3	1	13	2	0	0	0	0	0	0	0	0	0	0
Bacteroidetes_03_148	60	6	107	38	0	0	0	84	71	0	15	1	0	2	1	0	0	0	0	0	0	0	0	0	0	13	1	1	5	0	0	0	0	0	0	0	0	0	0
Bacteroidetes_03_155	58	6	93	26	0	18	21	90	80	7	9	21	19	0	29	2	0	0	1	0	0	3	12	0	18	216	0	5	22	0	0	0	0	0	1	0	0	0	0
Bacteroidetes_03_156	102	0	36	86	80	44	287	1	319	82	4	22	224	1	9	5	3	5	8	9	23	0	0	0	0	24	23	0	0	0	0	0	0	0	0	0	0	0	0
Bacteroidetes_03_158	101	0	25	0	1	3	0	0	0	0	0	2	0	3	0	7	0	0	0	0	0	0	0	0	0	168	1	0	2	0	0	0	0	0	3	0	0	0	1
Bacteroidetes_03_159	0	0	0	1	17	26	0	2	2	0	0	1	0	9	0	13	0	0	0	0	2	0	0	0	5	2	0	2	0	3	0	0	0	0	0	0	0	0	0
Bacteroidetes_03_163	10	1	6	27	6	12	92	1	57	104	1	55	108	2	1	2	12	25	45	23	0	0	0	0	0	4	0	0	1	0	0	0	0	0	0	0	0	0	0
Bacteroidetes_03_177	11	0	6	3	0	1	1	1	13	0	0	0	0	1	4	0	6	6	4	10	29	1	0	0	1	0	39	0	0	7	94	48	0	0	0	0	0	0	0
Bacteroidetes_03_178	0	0	0	6	62	0	0	0	0	0	0	1	0	0	0	0	0	2	0	0	0	0	0	0	0	0	0	0	0	0	0	0	0	0	0	0	0	0	0
Bacteroidetes_03_179	0	0	1	3	1	0	2	4	10	1	1	0	0	2	0	1	0	0	0	0	0	34	85	25	356	1	1	48	37	0	0	0	0	0	0	0	0	0	0
Bacteroidetes_03_186	0	0	7	0	0	0	0	7	0	0	0	0	0	5	8	0	0	0	0	0	0	0	0	0	0	0	0	0	0	7	56	14	3	12	2	0	0	0	0
Bacteroidetes_03_200	0	2	1	0	0	7	5	7	5	1	0	3	1	12	2	1	0	0	0	0	0	0	1	1	0	1	2	0	1	1	1	0	0	0	0	0	0	0	0
Bacteroidetes_03_201	0	0	0	0	0	0	0	0	0	0	0	0	0	0	0	0	0	10	2	0	24	0	0	0	33	1	0	4	30	0	0	0	0	0	0	0	0	0	0
Bacteroidetes_03_206	0	0	2	66	213	0	144	0	204	36	0	14	112	0	1	2	0	0	0	0	0	0	0	0	0	0	0	0	0	0	0	0	0	0	0	0	0	0	0
Bacteroidetes_03_213	2	1	15	24	1	0	61	8	7	42	6	26	76	2	0	0	152	144	135	204	294	4	1	1	6	8	0	2	2	0	0	0	3	5	0	0	0	0	1
Bacteroidetes_03_217	0	12	1	0	0	1	0	18	0	0	45	1	0	20	0	0	0	0	0	0	0	19	7	2	27	4	0	10	43	0	0	0	54	28	12	3	10	3	5
Bacteroidetes_03_221	116	0	8	30	0	14	0	4	31	0	0	12	0	2	7	3	0	0	0	0	0	0	0	0	0	56	0	0	0	0	0	0	0	0	0	0	0	1	0
Bacteroidetes_03_232	0	0	0	0	0	0	0	1	0	0	0	1	0	4	0	0	0	0	0	0	0	0	0	0	0	0	0	2	0	49	0	0	4	2	0	0	0	0	0
Bacteroidetes_03_234	0	0	0	0	0	0	0	0	0	0	0	0	0	3	0	0	0	0	0	0	0	0	0	0	0	0	0	0	0	14	154	107	0	0	0	0	0	0	0
Bacteroidetes_03_244	0	0	0	0	0	0	0	0	0	0	0	0	0	0	0	0	0	0	0	0	0	0	0	0	0	0	0	0	0	359	6	119	0	0	0	0	0	0	0
Bacteroidetes_03_256	1	0	3	11	0	1	4	0	64	0	0	0	1	0	0	0	2	4	7	3	30	0	0	0	0	0	4	0	0	5	59	52	0	0	0	0	0	0	0
Bacteroidetes_03_261	41	7	24	10	0	1	5	12	8	1	8	8	0	44	4	0	2	1	8	9	13	18	9	8	20	22	0	11	28	0	0	0	38	86	7	0	3	3	0
Bacteroidetes_03_279	10	11	9	4	0	0	0	21	2	0	14	10	1	4	2	0	1	0	0	0	0	23	17	21	47	5	0	27	12	2	18	17	10	2	5	0	4	0	0
Bacteroidetes_03_284	0	0	1	0	6	0	3	0	1	1	0	2	11	0	0	0	1	11	30	8	1	0	0	0	0	0	0	0	0	0	0	0	0	0	0	0	0	0	0
Bacteroidetes_03_290	6	15	22	3	0	0	0	129	77	0	77	7	0	20	90	0	0	0	0	0	0	5	3	4	5	28	0	2	21	0	0	0	32	20	6	1	9	4	5
Bacteroidetes_03_303	1	0	0	0	0	0	30	0	0	14	0	7	9	0	0	0	133	491	123	164	1	0	0	0	0	0	0	0	0	0	0	0	0	0	0	0	0	0	0
Bacteroidetes_03_309	272	0	67	54	0	14	0	6	3	0	0	18	0	4	0	3	49	20	21	19	156	0	0	0	0	25	52	0	5	0	0	0	0	0	0	0	0	0	0
Bacteroidetes_03_319	0	0	0	1	1	1	19	0	1	29	0	15	17	0	0	0	7	9	3	2	9	0	0	0	0	0	0	0	0	0	0	0	0	0	0	0	0	0	0
Bacteroidetes_03_334	0	0	0	9	0	83	0	10	15	1	30	30	1	158	6	76	0	0	0	0	5	0	4	0	0	0	0	0	0	0	0	0	0	0	0	0	0	0	0
Bacteroidetes_03_342	0	0	7	10	39	0	11	0	9	5	0	2	23	0	1	0	13	21	31	16	42	0	0	0	0	1	1	0	0	0	0	0	0	0	0	0	0	0	0
Bacteroidetes_03_345	17	0	12	2	0	4	2	1	4	6	0	3	2	1	1	0	9	7	3	5	31	0	0	0	0	10	49	0	0	0	0	0	0	0	0	0	0	0	0
Bacteroidetes_03_350	0	0	0	0	0	1	0	1	0	0	0	5	0	4	2	2	10	9	1	9	78	0	0	3	0	0	3	0	0	0	0	1	0	0	0	0	0	0	0
Bacteroidetes_03_368	0	0	0	0	0	0	0	0	0	0	0	0	0	0	0	0	0	0	0	0	1	106	41	107	9	0	1	39	40	0	0	0	0	0	0	0	0	0	0
Bacteroidetes_03_370	2	0	0	0	0	0	0	0	0	0	0	0	0	0	2	0	0	0	0	0	0	0	0	0	0	2	0	0	0	7	37	10	0	0	0	0	0	0	0
Bacteroidetes_03_377	34	2	61	19	0	0	0	52	216	0	4	0	0	2	60	20	0	0	0	0	0	0	0	0	2	75	0	2	16	0	0	0	2	0	0	0	0	0	0
Bacteroidetes_03_395	0	0	6	11	0	0	48	0	9	25	0	12	88	0	0	0	23	18	2	11	4	0	0	0	0	0	0	0	0	0	0	0	0	0	0	0	0	0	0
Bacteroidetes_03_399	0	0	0	3	71	0	0	0	0	0	0	0	0	37	0	0	0	0	0	0	0	39	0	0	0	0	0	0	0	0	0	0	0	10	0	0	0	0	0
Bacteroidetes_03_454	0	0	0	0	0	0	0	0	0	0	0	0	0	0	0	0	0	0	0	0	0	103	0	16	25	0	0	0	39	0	0	0	0	0	0	0	0	0	0
Bacteroidetes_03_471	1	0	5	1	0	0	0	25	1	0	3	2	0	0	1	0	0	0	0	0	0	0	0	9	1	9	0	1	2	0	0	0	2	0	3	0	0	0	2
Bacteroidetes_03_491	71	2	105	13	0	10	0	14	27	0	1	0	0	3	12	0	0	0	0	0	1	0	0	0	0	22	0	0	2	0	0	0	0	0	0	0	0	0	0
Bacteroidetes_03_496	16	0	14	18	0	5	0	0	0	2	0	1	0	4	0	5	5	0	1	0	8	0	0	0	0	1	25	0	0	63	48	30	0	0	0	0	0	0	0
Bacteroidetes_03_550	0	0	0	0	0	0	0	0	0	0	0	0	0	0	0	0	0	0	0	0	0	0	0	0	0	0	0	0	0	48	8	36	0	0	0	0	0	0	0
Bacteroidetes_03_557	0	0	0	1	0	3	3	8	25	0	10	0	0	13	1	0	0	0	0	0	0	3	0	0	0	2	0	4	0	0	0	0	0	0	0	0	0	0	0
Bacteroidetes_03_560	35	0	17	14	0	7	0	0	0	0	0	3	0	3	0	3	1	0	0	0	4	0	0	0	0	6	7	0	0	0	0	0	0	0	0	0	0	0	0
Bacteroidetes_03_585	0	0	0	0	0	0	0	5	0	0	1	0	0	0	0	0	0	0	0	0	0	0	0	0	0	0	136	0	0	0	0	0	0	0	0	0	0	0	0
Bacteroidetes_03_589	38	0	5	6	0	3	35	1	68	1	0	7	0	3	10	0	0	0	0	0	0	0	0	0	0	1	0	0	0	0	0	0	0	0	0	0	0	0	0
Bacteroidetes_03_594	0	0	0	0	0	0	0	0	0	0	0	0	0	0	0	0	0	0	0	0	0	0	0	0	0	0	0	0	0	94	59	20	0	0	0	0	0	0	0
Bacteroidetes_03_672	5	0	7	1	10	21	1	0	22	0	0	1	0	1	0	3	0	0	0	0	0	0	0	0	0	31	0	0	2	0	0	0	1	0	0	0	0	0	0
Bacteroidetes_03_706	0	0	0	0	0	0	0	0	0	0	0	0	0	0	0	0	0	0	0	0	0	0	0	0	0	0	0	0	0	370	3	1	0	2	0	0	0	0	0
Bacteroidetes_03_708	0	0	0	16	4	20	16	1	12	20	0	5	26	0	13	8	0	0	0	5	0	0	0	0	0	2	3	0	0	0	0	0	0	0	0	0	0	0	0
Bacteroidetes_03_806	1	0	1	10	0	0	29	0	0	27	0	10	22	0	0	0	1	1	2	0	1	0	0	0	0	0	5	0	0	0	0	0	0	0	0	0	0	0	0
Bacteroidetes_03_817	3	0	28	2	0	73	0	0	3	0	0	2	0	6	0	6	0	0	0	0	0	0	0	0	0	2	1	0	0	0	0	0	0	0	0	0	0	0	0
Bacteroidetes_03_819	0	0	0	61	2	0	1	0	0	0	0	0	0	0	3	0	0	0	0	0	0	0	0	0	0	0	0	0	0	0	0	0	0	0	0	0	0	0	0
Bacteroidetes_03_823	35	0	40	21	0	19	0	0	8	0	0	2	0	1	0	16	5	2	7	8	47	0	0	0	0	19	29	0	0	0	0	0	0	0	0	0	0	0	0
Bacteroidetes_03_838	0	0	0	0	0	0	0	0	0	0	0	0	0	0	0	0	0	0	0	0	0	8	1	9	10	3	0	1	31	0	0	0	0	0	0	0	0	0	0
Bacteroidetes_03_889	0	0	0	0	0	0	42	0	0	6	0	2	1	0	29	0	0	0	0	0	0	0	0	0	0	0	0	0	0	0	0	0	0	0	0	0	0	0	0
Bacteroidetes_03_890	0	0	0	0	0	0	0	0	0	0	0	0	0	0	0	0	0	0	0	0	0	48	12	55	13	0	0	12	25	0	0	0	0	0	0	0	0	0	0
Bacteroidetes_03_900	58	0	4	20	0	0	1	4	28	1	1	2	0	2	21	0	0	0	0	0	0	0	0	0	0	10	0	0	1	0	0	0	0	0	0	0	0	0	0
Bacteroidetes_03_908	0	0	0	0	21	0	28	0	54	15	0	2	41	0	1	0	0	0	0	0	0	0	0	0	0	0	0	0	0	0	0	0	0	0	0	0	0	0	0
Bacteroidetes_03_970	1	0	10	2	0	0	0	0	0	0	0	0	0	0	0	0	3	7	16	13	9	0	0	0	0	0	0	0	0	0	0	0	0	0	0	0	0	0	0
Bacteroidetes_03_971	27	0	20	1	0	0	1	1	6	0	1	1	0	1	10	0	1	1	0	0	0	0	0	0	0	2	0	0	0	0	3	0	0	1	0	0	0	0	0
Bacteroidetes_03_1034	3	0	0	0	0	0	0	0	0	4	0	2	24	0	0	0	5	18	10	6	11	0	0	0	2	0	10	0	0	0	0	0	0	0	0	0	0	0	0
Bacteroidetes_03_1190	12	0	9	0	0	27	0	0	0	0	2	2	0	7	0	0	7	1	1	2	24	0	0	0	0	3	28	0	0	0	0	0	0	0	0	0	0	0	0
Bacteroidetes_03_1217	0	0	0	0	0	0	0	0	0	0	0	0	0	0	0	0	0	0	0	0	2	24	2	29	1	0	0	0	0	0	0	0	0	0	0	0	0	0	0
Bacteroidetes_03_1280	0	0	1	0	0	0	1	0	0	0	0	0	0	0	0	0	8	16	21	5	0	0	0	0	0	0	0	0	0	0	0	0	0	0	0	0	0	0	0
Bacteroidetes_03_1374	0	0	0	0	0	0	0	0	0	0	0	0	0	0	0	0	0	3	0	0	2	59	20	14	1	0	0	21	27	0	0	0	0	0	0	0	0	0	0
Bacteroidetes_03_1691	3	0	1	0	0	0	0	7	2	0	0	0	0	0	10	0	0	0	0	0	0	0	0	0	0	28	0	0	0	0	0	0	0	0	0	0	0	0	0
Bacteroidetes_03_2443	0	0	0	9	0	30	0	0	6	0	0	0	0	2	0	6	0	0	0	0	0	0	0	0	0	0	0	0	0	0	0	0	0	0	0	0	0	0	0
Bacteroidetes_03_2806	0	0	0	0	0	0	0	0	0	0	0	0	0	0	0	0	0	0	0	0	0	55	0	0	0	0	0	0	1	0	0	0	0	0	0	0	0	0	0
BRC1_03_3	0	0	0	0	0	0	0	0	0	0	0	0	0	2	0	0	0	0	0	0	0	2	0	0	0	0	0	0	0	0	0	0	0	114	0	0	0	1	0
Chloroflexi_03_2	0	109	0	0	0	0	0	0	0	0	1	27	0	5	0	0	0	0	0	0	0	47	175	217	99	0	0	68	2	0	0	0	22	48	37	88	9	104	1
Chloroflexi_03_4	0	1	0	0	0	0	0	1	0	0	1	0	0	0	0	0	0	0	0	0	0	3	2	7	0	0	0	3	53	0	0	0	120	10	44	38	58	67	29
Chloroflexi_03_7	0	25	0	0	0	0	0	0	0	0	0	13	0	20	0	0	0	0	0	0	0	72	51	70	47	0	0	18	0	0	0	0	20	91	12	41	8	34	0
Chloroflexi_03_8	0	0	0	0	0	0	0	0	0	0	0	0	0	5	0	0	0	0	0	0	0	5	13	0	0	1	0	1	0	0	0	0	53	42	8	29	18	23	17
Chloroflexi_03_10	1	0	0	0	0	0	0	0	0	0	0	1	0	0	0	0	0	0	0	0	0	0	0	0	0	0	0	3	0	0	0	1	23	4	6	10	10	4	9
Chloroflexi_03_30	47	12	32	20	1	0	2	4	15	0	8	16	1	4	2	0	0	0	0	0	0	0	8	10	7	16	0	1	21	0	0	0	33	0	16	13	5	14	6
Chloroflexi_03_31	0	15	0	0	0	0	0	0	0	1	0	9	0	7	0	0	0	0	0	0	0	32	7	4	3	0	0	1	0	0	0	0	14	74	0	22	0	13	0
Chloroflexi_03_41	0	38	0	0	0	0	0	0	0	0	7	0	0	0	0	0	0	0	0	0	0	0	5	14	26	0	0	24	144	0	0	0	0	0	11	0	0	2	0
Chloroflexi_03_59	0	5	0	0	0	0	0	0	0	0	0	0	0	2	0	0	0	0	0	0	0	34	18	11	23	0	0	9	1	0	0	0	6	13	0	2	1	4	0
Chloroflexi_03_71	0	28	0	0	0	0	0	0	0	0	3	5	0	0	0	0	0	0	0	0	0	0	6	11	16	0	0	15	2	0	0	0	10	0	25	8	13	11	16
Chloroflexi_03_73	1	27	0	0	0	0	0	1	0	0	11	2	0	1	0	0	0	0	0	0	0	3	11	7	5	2	0	5	31	0	0	0	4	5	8	13	4	7	8
Chloroflexi_03_77	0	33	0	0	0	0	0	0	0	0	1	2	0	0	0	0	0	0	0	0	0	0	8	22	36	0	0	20	71	0	0	0	0	0	10	3	0	4	0
Chloroflexi_03_83	0	20	0	0	0	0	0	0	0	0	0	0	0	2	0	0	0	0	0	0	0	10	10	8	3	0	0	2	4	0	0	0	5	2	2	6	7	7	0
Chloroflexi_03_85	0	0	0	0	0	0	0	0	0	0	0	0	0	2	0	0	0	0	0	0	0	7	9	0	0	0	0	0	0	0	0	0	6	20	1	1	6	5	0
Chloroflexi_03_88	12	0	41	9	0	0	26	1	10	5	0	12	7	5	1	2	0	0	0	1	12	0	0	0	0	1	1	0	1	0	0	0	3	0	0	0	0	0	1
Chloroflexi_03_93	0	21	0	0	0	0	0	0	0	0	1	1	0	0	0	0	0	0	0	0	0	0	2	8	10	0	0	1	10	0	0	0	2	0	3	10	3	4	1
Chloroflexi_03_111	0	10	0	0	0	0	0	0	0	0	1	0	0	0	0	0	0	0	0	0	0	3	7	22	12	0	0	2	0	0	0	0	0	0	1	2	0	1	0
Chloroflexi_03_131	1	2	1	0	0	0	0	0	0	0	0	1	0	1	0	0	0	0	0	0	0	4	5	4	3	0	0	2	3	0	0	0	1	19	5	5	1	9	2
Chloroflexi_03_148	0	9	0	0	0	0	0	0	0	0	1	1	0	0	0	0	0	0	0	0	0	6	4	7	1	0	0	2	5	0	0	0	1	3	8	12	1	5	1
Chloroflexi_03_187	0	4	0	0	0	0	0	0	0	0	3	2	0	0	0	0	0	0	0	0	0	1	0	6	7	0	0	2	8	0	0	0	8	1	6	4	3	0	0
Chloroflexi_03_217	0	3	0	0	0	0	0	0	0	0	1	2	0	0	0	0	0	0	0	0	0	1	2	3	4	0	0	0	14	0	0	0	1	13	20	4	16	10	9
Chloroflexi_03_305	0	4	0	0	0	0	0	0	0	0	1	0	0	0	0	0	0	0	0	0	0	0	0	0	2	0	0	1	0	0	0	0	3	0	11	1	17	3	12
Chloroflexi_03_357	3	0	7	0	0	0	0	2	23	0	0	1	0	2	4	0	0	0	0	0	0	0	0	0	0	7	0	0	7	0	0	0	0	0	0	0	0	0	0
Cyanobacteria_03_1	75	16	73	1920	228	92	3483	180	3221	2378	36	1328	1584	17	85	41	153	881	1558	562	79	4	2	0	0	52	88	0	13	0	0	0	0	0	0	0	0	0	0
Cyanobacteria_03_3	5	11	11	201	230	24	157	4	88	269	10	217	259	2	3	33	25	15	12	4	116	0	0	0	1	3	25	0	0	0	0	0	0	1	0	0	0	0	0
Cyanobacteria_03_4	2345	71	928	60	4	697	14	39	697	7	2	141	2	162	184	321	886	652	1101	770	3010	39	3	12	17	147	3260	4	3	0	0	0	0	0	0	0	0	0	0
Cyanobacteria_03_5	46	25	24	59	186	463	93	43	58	105	26	173	190	66	4	1912	42	88	35	52	111	4	0	4	0	42	42	0	19	0	0	0	0	0	1	4	0	0	0
Cyanobacteria_03_7	366	8	646	57	5	400	0	73	949	1	3	16	1	89	753	41	0	0	0	0	0	9	0	7	15	1409	81	0	11	0	0	0	0	0	0	0	0	0	0
Cyanobacteria_03_12	18	3	3	6	0	1	0	3	0	0	0	4	0	0	0	10	0	0	0	0	0	0	1	0	4	10	0	1	0	0	0	0	0	2	17	11	0	0	1
Cyanobacteria_03_14	0	2	1	0	10	326	0	0	6	0	4	3	0	25	0	498	0	0	0	0	0	0	0	0	0	0	0	0	0	0	0	0	0	0	0	0	0	0	0
Cyanobacteria_03_18	0	2	7	6	0	0	0	0	0	0	0	0	0	0	0	0	10	0	0	0	2	1	0	0	3	0	25	0	0	0	0	0	0	0	0	0	0	0	0
Cyanobacteria_03_19	0	0	3	1	0	31	0	0	2	0	0	0	0	2	4	14	0	0	0	0	0	0	0	0	0	7	1	0	0	0	0	0	0	0	0	0	0	0	0
Cyanobacteria_03_20	1	2	22	3	0	0	0	143	27	0	1	1	0	1	7	0	0	0	0	0	0	0	0	0	0	24	0	0	28	0	0	0	0	0	0	0	0	0	0
Cyanobacteria_03_29	1	0	1	3	30	0	2	0	8	16	0	29	20	0	0	2	0	5	7	5	9	1	0	0	0	0	6	0	0	0	0	0	0	0	0	0	0	0	0
Cyanobacteria_03_83	0	0	0	0	0	0	0	0	0	0	0	0	0	0	0	0	0	0	0	0	0	45	13	27	0	0	0	2	0	0	0	0	0	0	0	0	0	0	0
Cyanobacteria_03_89	6	0	116	3	0	1	0	4	0	2	0	1	0	3	0	0	0	0	0	0	0	0	0	0	0	5	0	0	1	0	0	0	2	0	0	0	0	0	0
Cyanobacteria_03_114	3	0	6	1	6	2	2	0	0	1	1	1	0	0	0	0	0	0	2	0	9	1	2	0	0	0	0	0	1	0	0	0	4	0	1	8	1	3	2
Deferribacteres_03_2	0	0	0	0	0	0	0	0	0	0	0	2	0	4	0	0	0	0	1	0	0	40	0	7	0	0	0	0	0	0	0	0	11	53	1	0	0	0	0
Deferribacteres_03_3	0	255	0	0	0	0	0	2	0	0	33	68	0	0	1	1	0	0	0	0	0	1	12	337	437	0	0	318	157	0	0	0	6	0	258	15	11	29	10
Deferribacteres_03_4	19	319	79	16	1	0	0	71	36	0	48	120	1	2	2	0	0	0	0	0	0	169	345	513	482	40	1	389	478	0	0	0	0	90	421	256	289	367	43
Deferribacteres_03_5	77	55	117	19	1	0	0	3	0	0	11	8	0	2	0	0	0	0	1	0	0	1	0	40	48	59	0	20	58	0	0	0	1	5	27	1	7	2	102
Deferribacteres_03_6	1	2	2	0	0	0	0	0	0	1	0	8	0	13	0	0	0	0	0	0	0	83	58	7	4	0	0	3	0	0	0	0	1502	218	205	212	220	284	101
Deferribacteres_03_8	22	1	20	226	669	18	376	3	130	485	1	150	412	1	2	1	35	213	174	101	9	0	0	0	0	8	10	0	4	0	0	0	0	0	0	0	0	0	0
Deferribacteres_03_11	0	60	0	0	0	0	0	0	0	0	9	14	0	0	0	0	0	0	0	0	0	0	36	130	112	7	0	107	104	0	0	0	46	1	40	45	23	56	1
Deferribacteres_03_12	0	74	0	0	0	0	0	3	0	0	30	24	0	15	0	0	0	0	0	0	0	143	117	74	102	0	0	48	89	0	0	0	369	147	135	89	105	149	15
Deferribacteres_03_13	0	1	0	0	0	0	0	0	0	0	0	14	0	2	0	0	0	0	0	0	0	32	125	1	0	0	0	0	0	0	0	0	19	71	0	80	10	74	0
Deferribacteres_03_15	120	4	234	364	1	225	4	3	86	3	1	16	0	12	7	4	185	115	85	177	277	4	0	4	2	429	196	1	9	0	0	0	0	0	0	0	0	0	0
Deferribacteres_03_16	66	0	46	0	0	43	0	5	13	0	0	8	0	3	2	0	0	0	0	0	2	6	2	0	0	205	27	0	0	0	0	0	0	2	1	0	0	0	24
Deferribacteres_03_17	0	14	0	0	0	0	0	0	0	0	0	16	0	5	0	0	0	0	0	0	0	107	49	32	18	0	0	9	1	0	0	0	1	145	5	10	3	16	0
Deferribacteres_03_18	0	0	0	0	0	0	0	0	0	0	0	0	0	45	0	0	0	0	0	0	0	217	1	0	0	0	0	0	0	0	0	0	0	520	1	3	0	1	0
Deferribacteres_03_19	1	26	2	0	0	0	0	10	4	0	9	12	0	10	0	0	0	0	0	0	0	126	91	29	79	2	0	35	28	0	0	1	214	218	109	47	56	59	19
Deferribacteres_03_21	2	4	4	0	0	0	0	0	0	0	1	1	0	0	0	0	0	0	0	0	0	13	8	13	3	2	0	4	9	0	0	0	7	15	4	3	3	4	2
Deferribacteres_03_22	196	30	179	135	39	13	70	44	388	20	20	33	34	6	106	0	21	3	6	7	4	0	3	5	69	167	26	21	156	5	3	8	0	2	123	8	27	10	23
Deferribacteres_03_24	1	116	2	0	0	0	0	4	1	0	18	64	0	0	0	0	0	0	0	0	0	57	91	234	287	0	0	157	85	0	0	0	107	21	61	69	21	117	8
Deferribacteres_03_26	0	49	0	0	0	0	0	0	0	0	6	37	0	28	1	0	0	0	0	0	0	264	209	97	61	0	0	41	18	0	0	0	21	461	28	109	63	133	4
Deferribacteres_03_27	0	75	0	0	0	0	0	2	0	0	0	15	0	13	0	0	0	0	0	0	0	87	42	67	48	0	0	60	6	0	0	0	0	93	14	29	34	29	0
Deferribacteres_03_28	43	1	43	71	9	5	116	4	256	80	2	15	94	3	17	0	90	94	90	124	136	0	0	0	0	29	45	0	1	0	0	0	0	0	0	0	0	0	0
Deferribacteres_03_29	0	0	0	0	0	0	0	0	0	0	0	0	0	0	0	0	0	0	0	0	0	0	0	0	0	0	0	0	0	5	1	22	2	0	20	0	8	4	30
Deferribacteres_03_31	1	1	5	1	0	0	0	28	11	0	1	0	0	0	0	0	0	0	0	0	0	0	0	0	0	7	0	1	197	0	0	0	0	0	0	0	0	0	0
Deferribacteres_03_32	25	11	47	113	1	0	8	118	254	1	25	0	0	2	111	0	0	0	0	14	0	1	1	13	50	32	6	16	43	0	0	0	0	0	15	3	0	0	7
Deferribacteres_03_33	0	78	0	0	0	0	0	0	0	0	10	14	0	0	0	0	0	0	0	0	0	0	6	47	72	0	0	68	36	0	0	0	0	0	17	0	2	12	0
Deferribacteres_03_34	0	6	0	0	0	0	0	0	0	0	0	14	0	0	0	0	0	0	0	0	0	0	42	7	0	0	0	5	0	0	0	0	0	0	0	0	0	1	0
Deferribacteres_03_35	114	0	127	4	1	12	0	4	1	0	0	4	0	3	2	0	0	0	0	0	0	0	0	0	0	118	4	0	14	0	0	0	0	0	0	0	0	0	5
Deferribacteres_03_37	0	70	3	0	0	0	0	12	1	0	68	12	0	29	0	0	0	0	0	0	0	46	34	38	45	1	0	23	134	0	0	0	52	159	37	60	27	94	7
Deferribacteres_03_38	0	0	0	0	0	0	0	0	0	0	0	1	0	11	0	0	0	0	0	0	0	14	20	0	2	0	0	8	0	0	0	0	372	97	13	23	25	19	3
Deferribacteres_03_39	0	39	0	0	0	0	0	0	0	0	2	2	0	0	0	0	0	0	0	0	0	0	17	53	98	0	0	51	77	0	0	0	0	0	15	0	0	4	1
Deferribacteres_03_40	0	0	0	63	9	1	39	1	66	18	0	6	25	0	0	0	3	3	20	13	0	0	0	0	0	0	0	0	0	0	0	0	0	0	0	0	0	0	0
Deferribacteres_03_41	0	0	0	0	0	0	0	0	0	0	0	0	0	0	0	0	0	0	0	0	0	0	0	0	0	0	0	0	0	0	0	0	60	16	15	9	27	28	1
Deferribacteres_03_43	0	22	0	0	0	0	0	0	0	0	2	4	0	0	1	0	0	0	0	0	0	0	0	25	41	0	0	42	2	0	0	0	0	0	34	0	1	0	0
Deferribacteres_03_45	0	3	0	0	0	0	0	0	0	0	0	1	0	9	0	0	0	0	0	0	0	35	1	5	0	0	0	1	0	0	0	0	73	50	7	12	18	13	1
Deferribacteres_03_48	0	0	0	0	0	0	0	0	0	0	0	0	0	0	0	0	0	0	0	0	0	0	0	0	0	0	0	0	0	0	0	1	12	0	20	6	22	15	12
Deferribacteres_03_50	25	0	82	143	7	0	99	13	176	42	0	9	78	2	55	0	18	17	14	19	2	1	0	0	0	25	7	0	17	0	0	0	0	1	0	0	0	0	0
Deferribacteres_03_51	0	0	0	0	0	0	0	0	0	1	0	0	0	95	0	0	0	0	0	0	0	48	0	0	0	0	0	0	0	0	0	0	0	150	0	0	0	2	0
Deferribacteres_03_52	76	1	79	29	26	4	1	4	45	1	1	1	0	4	3	0	0	0	0	0	0	0	0	0	6	44	2	4	13	0	0	0	14	0	9	0	17	0	3
Deferribacteres_03_53	1	0	20	30	2	1	44	3	78	10	0	2	33	2	12	0	0	2	0	0	0	0	0	0	0	7	0	0	13	0	0	0	0	0	0	0	0	0	0
Deferribacteres_03_54	0	18	11	0	0	0	0	7	10	0	14	0	0	0	0	0	0	0	0	0	0	0	0	23	24	1	0	11	24	0	0	0	0	0	2	0	0	0	0
Deferribacteres_03_58	4	0	6	6	0	14	0	0	18	0	0	0	0	0	0	0	0	0	0	0	0	2	0	0	0	45	0	0	7	0	0	0	0	0	0	0	0	0	0
Deferribacteres_03_65	3	0	15	32	1	0	16	1	68	7	0	3	11	0	1	0	31	16	23	21	4	0	0	0	0	5	0	0	1	0	0	0	0	0	0	0	0	0	0
Deferribacteres_03_66	0	7	0	0	0	0	0	0	0	0	2	1	0	0	0	0	0	0	0	0	0	0	0	5	7	0	0	4	3	0	0	0	23	0	2	0	3	9	0
Deferribacteres_03_67	6	0	8	3	0	0	0	107	224	2	0	0	0	0	27	0	0	0	0	0	0	0	0	0	0	24	1	0	0	0	0	0	0	0	0	0	0	0	1
Deferribacteres_03_69	1	3	1	1	0	0	0	0	0	0	5	0	0	0	0	0	0	0	0	0	0	0	1	2	14	3	0	1	27	0	0	0	22	0	13	8	17	13	12
Deferribacteres_03_70	0	3	0	0	0	0	0	0	0	0	0	2	0	10	0	0	0	0	0	0	0	72	2	0	0	0	0	0	0	0	0	0	0	49	0	2	0	0	0
Deferribacteres_03_71	0	10	0	0	0	0	0	0	0	0	2	5	0	0	0	0	0	0	0	0	0	8	1	5	11	0	0	2	0	0	0	0	36	21	4	10	13	24	0
Deferribacteres_03_74	2	0	21	6	0	0	0	0	29	0	0	0	0	0	0	0	0	0	0	0	0	0	0	0	0	0	0	0	0	0	0	0	0	0	0	0	0	0	0
Deferribacteres_03_75	4	4	15	7	2	1	3	7	23	0	1	1	1	2	2	0	0	0	0	0	0	14	11	1	17	4	0	14	12	0	0	0	12	59	8	6	7	1	3
Deferribacteres_03_76	0	0	0	0	0	0	0	0	0	0	0	0	0	0	0	0	0	0	0	0	0	0	0	0	0	0	0	0	0	6	31	20	0	0	0	0	0	0	0
Deferribacteres_03_80	20	0	66	46	0	3	4	4	116	0	4	0	1	0	1	0	8	2	0	0	3	2	0	0	0	22	3	0	33	0	0	0	2	0	2	0	2	0	7
Deferribacteres_03_81	0	16	0	0	0	0	0	0	0	0	0	6	0	0	0	0	0	0	0	0	0	0	1	14	14	0	0	6	0	0	0	0	0	0	2	0	0	0	0
Deferribacteres_03_82	6	5	29	4	0	0	4	23	4	2	9	2	0	1	2	0	3	0	0	4	0	8	5	4	11	18	0	21	29	0	0	0	7	0	10	6	20	4	0
Deferribacteres_03_83	1	7	12	0	0	0	0	5	2	0	8	7	0	0	0	0	0	0	0	0	0	0	1	14	20	9	0	15	42	0	0	0	11	0	7	15	6	15	2
Deferribacteres_03_87	1	18	3	3	0	0	0	0	5	0	2	1	0	0	0	0	0	0	0	0	0	14	5	2	30	7	1	24	35	0	0	0	18	2	6	5	9	4	2
Deferribacteres_03_89	0	2	0	0	0	0	0	0	0	0	2	1	0	0	0	0	0	0	0	0	0	13	7	19	24	0	0	8	15	0	0	0	22	6	0	9	4	1	0
Deferribacteres_03_91	1	0	1	1	0	0	0	0	0	0	0	5	0	4	0	0	0	0	0	0	0	3	4	0	0	1	0	0	15	0	0	0	0	12	0	6	0	5	0
Deferribacteres_03_92	0	0	4	1	0	0	0	12	2	0	0	0	0	0	0	0	0	0	0	0	0	0	0	0	0	25	0	0	47	0	0	0	0	0	0	0	0	0	0
Deferribacteres_03_93	8	0	8	11	0	0	0	2	39	0	0	2	0	0	1	0	0	0	0	0	0	0	0	0	0	27	0	0	16	0	0	0	0	1	0	0	0	0	0
Deferribacteres_03_94	21	0	20	12	0	0	0	0	62	0	0	4	0	0	13	0	8	0	0	0	3	0	0	0	0	49	18	0	0	0	0	0	0	0	0	0	0	0	0
Deferribacteres_03_95	0	1	1	0	0	0	0	1	0	0	2	1	0	1	1	0	0	0	0	0	0	1	10	0	21	0	0	20	14	0	0	0	0	2	4	1	0	1	1
Deferribacteres_03_96	24	0	54	113	5	3	103	0	101	118	0	21	102	0	1	0	9	2	3	3	7	0	0	0	0	1	8	0	0	0	0	0	0	0	0	0	0	0	0
Deferribacteres_03_97	0	0	0	0	2	0	27	0	1	23	0	4	33	0	0	0	0	0	0	0	0	0	0	0	0	0	0	0	0	0	0	0	0	0	0	0	0	0	0
Deferribacteres_03_98	24	8	31	2	0	0	0	9	5	0	6	7	0	0	1	0	0	0	0	0	0	0	0	2	10	18	0	7	3	0	0	0	29	0	15	2	16	4	1
Deferribacteres_03_107	0	0	0	0	0	0	0	0	0	0	0	0	0	0	0	0	0	0	0	0	0	0	0	0	4	0	0	0	9	0	0	0	11	0	12	0	10	4	13
Deferribacteres_03_113	0	2	1	0	1	0	0	2	0	0	4	2	0	0	0	0	0	0	0	0	0	6	18	5	3	0	0	1	16	0	0	0	7	1	3	1	0	1	0
Deferribacteres_03_118	5	2	6	1	0	0	0	5	13	0	4	0	0	11	0	0	0	0	0	0	0	4	11	0	11	8	0	6	2	0	0	2	0	0	0	2	0	2	0
Deferribacteres_03_119	9	0	51	6	0	1	0	6	25	0	0	0	0	1	0	0	2	2	2	0	0	0	0	0	0	0	1	0	0	0	0	0	0	0	0	0	0	0	0
Deferribacteres_03_122	0	10	6	1	0	0	0	3	10	0	8	3	0	0	1	0	0	0	0	0	0	5	12	32	46	6	0	17	28	0	0	0	37	8	2	11	24	4	0
Deferribacteres_03_124	0	0	0	0	0	0	0	0	0	0	0	1	0	0	0	0	0	0	0	0	0	0	2	0	0	0	0	0	6	0	0	0	11	0	0	22	17	17	0
Deferribacteres_03_125	12	0	32	13	0	2	0	3	76	0	0	1	0	1	2	0	0	0	0	2	0	0	0	0	0	15	0	0	2	0	0	0	0	0	0	0	0	0	0
Deferribacteres_03_130	0	2	0	0	0	0	0	0	0	0	0	2	0	0	0	0	0	0	0	0	0	0	5	7	7	0	0	7	0	0	0	0	36	0	5	6	6	4	0
Deferribacteres_03_131	24	0	41	0	0	1	0	2	0	0	0	1	0	1	0	0	2	1	0	6	5	13	0	0	0	47	10	0	0	0	0	0	0	18	0	0	0	0	0
Deferribacteres_03_135	4	0	6	5	1	0	0	7	19	0	2	0	0	0	1	0	0	0	0	0	0	0	0	0	0	9	0	0	10	0	0	0	0	0	1	0	5	0	1
Deferribacteres_03_136	2	0	8	0	0	0	0	13	1	0	1	1	0	0	3	0	0	0	0	0	0	0	0	3	5	8	0	6	29	0	0	0	0	0	0	0	1	0	5
Deferribacteres_03_144	22	0	56	21	6	4	3	0	0	0	0	2	0	3	0	0	0	0	0	0	0	0	0	0	0	0	0	0	0	0	0	0	0	0	2	0	0	0	0
Deferribacteres_03_145	7	0	5	9	0	1	4	0	22	3	0	0	2	1	1	0	0	0	0	0	0	0	2	2	7	0	0	0	0	0	0	0	0	0	1	0	1	0	1
Deferribacteres_03_148	7	0	6	0	0	0	0	6	51	0	1	1	0	1	0	0	0	0	0	0	0	0	0	0	0	26	0	0	2	0	0	0	0	0	0	0	0	0	0
Deferribacteres_03_150	0	0	0	0	0	0	0	0	0	0	0	11	0	0	0	0	0	0	0	0	0	15	26	2	0	0	0	0	0	0	0	0	0	3	0	0	0	2	0
Deferribacteres_03_157	0	0	0	0	0	0	0	0	0	0	3	1	0	0	0	0	0	0	0	0	0	0	7	2	28	0	0	6	3	0	0	0	3	0	2	7	1	3	5
Deferribacteres_03_159	0	0	1	0	0	0	0	3	0	0	7	0	0	0	0	0	0	0	0	0	0	0	0	0	1	2	0	7	23	0	0	0	0	2	0	1	0	0	6
Deferribacteres_03_161	1	12	2	0	0	0	0	1	4	0	1	2	0	0	0	0	0	0	0	0	0	0	4	1	4	5	0	22	23	0	0	0	0	0	1	5	1	1	2
Deferribacteres_03_168	12	0	8	5	1	0	6	1	4	1	0	2	3	0	0	0	0	1	4	2	0	0	0	0	2	0	0	0	0	0	0	0	0	0	0	0	0	0	0
Deferribacteres_03_176	0	1	0	0	0	0	0	0	0	0	1	4	0	0	0	0	0	0	0	0	0	4	9	5	0	0	0	5	1	0	0	0	28	0	0	1	0	0	0
Deferribacteres_03_189	6	0	12	1	0	0	0	8	10	0	0	1	0	0	0	0	0	0	0	0	0	0	0	0	3	12	0	0	2	0	0	0	0	0	0	0	0	0	7
Deferribacteres_03_201	0	0	0	0	0	0	0	36	10	0	0	1	0	0	1	0	0	0	0	0	0	0	0	0	0	0	0	0	2	0	0	0	0	0	0	0	0	0	0
Deferribacteres_03_205	0	0	0	0	0	0	0	0	0	0	1	0	0	0	0	0	0	0	0	0	0	0	0	6	14	0	0	1	0	0	0	0	15	0	8	7	9	0	0
Deferribacteres_03_208	0	3	0	0	0	0	0	0	1	0	0	4	0	0	0	0	0	0	0	0	0	0	2	14	10	0	0	4	0	0	0	0	0	0	3	1	8	9	0
Deferribacteres_03_215	12	0	48	0	0	0	0	9	12	0	0	1	0	1	0	0	0	0	0	0	0	0	0	0	0	43	0	0	4	0	0	0	0	0	0	0	0	0	0
Deferribacteres_03_220	0	5	0	0	0	0	0	0	0	0	2	0	0	0	0	0	0	0	0	0	0	3	0	0	10	0	0	1	22	0	0	0	0	0	2	0	4	0	1
Deferribacteres_03_224	0	0	0	0	0	0	0	0	0	0	0	0	0	0	0	0	0	0	0	0	0	0	0	0	0	0	0	0	0	0	0	0	35	0	9	0	8	3	0
Deferribacteres_03_227	1	0	4	0	0	0	0	1	0	0	1	3	0	0	0	0	0	0	0	0	0	0	1	5	2	0	0	9	11	0	0	0	12	2	4	3	4	4	0
Deferribacteres_03_234	0	5	7	0	0	0	0	1	8	0	2	3	0	0	0	0	0	0	0	0	0	0	4	0	5	1	0	2	7	0	0	0	0	0	5	0	6	1	1
Deferribacteres_03_264	0	0	0	0	0	0	0	0	0	0	1	1	0	0	0	0	0	0	0	0	0	0	5	7	18	0	0	7	1	0	0	0	5	0	7	11	2	9	0
Deferribacteres_03_270	0	1	0	0	0	0	0	0	0	0	0	0	0	0	0	0	0	0	0	0	0	0	14	4	6	0	0	12	7	0	0	0	16	1	0	6	1	2	1
Deferribacteres_03_274	0	2	0	0	0	0	0	0	0	0	1	2	0	0	0	0	0	0	0	0	0	4	9	10	19	0	0	24	0	0	0	0	16	0	5	10	2	10	0
Deferribacteres_03_278	0	0	0	0	0	0	0	0	0	0	2	0	0	0	0	0	0	0	0	0	0	0	0	10	2	0	0	0	13	0	0	0	11	0	4	9	3	5	0
Deferribacteres_03_283	0	1	0	0	0	0	0	10	1	0	2	0	0	2	0	0	0	0	0	0	0	2	5	6	3	2	0	20	14	0	0	0	0	0	0	0	0	0	0
Deferribacteres_03_286	17	0	10	0	0	0	0	0	12	0	0	2	0	0	2	0	0	0	0	0	0	0	0	0	0	10	7	0	0	0	0	0	0	1	0	0	0	0	0
Deferribacteres_03_295	0	0	0	0	0	0	10	0	0	19	0	2	25	0	0	0	0	0	0	0	0	0	0	0	0	0	0	0	0	0	0	0	0	0	0	0	0	0	0
Deferribacteres_03_330	0	6	0	0	0	0	0	0	0	0	1	4	0	0	0	0	0	0	0	0	0	2	18	27	14	0	0	12	1	0	0	0	3	0	0	0	0	0	0
Deferribacteres_03_369	18	0	9	0	0	0	0	1	54	0	0	0	0	0	36	0	0	0	0	0	0	0	0	0	0	3	1	0	4	0	0	0	0	0	0	0	0	0	0
Deferribacteres_03_371	0	0	0	0	0	0	0	0	0	0	0	0	0	3	0	0	0	0	0	0	0	20	0	0	0	0	0	0	0	0	0	0	0	55	0	0	0	0	0
Deferribacteres_03_426	0	0	0	0	0	0	0	0	0	0	0	0	0	0	0	0	0	0	0	0	0	14	0	0	0	0	0	0	0	0	0	0	0	55	0	0	0	0	0
Deinococcus-Thermus_03_7	0	3	0	0	0	0	0	1	0	0	0	0	0	0	0	0	0	0	0	0	0	3	0	2	3	0	0	2	3	0	0	0	18	0	1	0	6	4	4
Firmicutes_03_1	0	0	0	0	0	0	0	0	0	1	0	0	0	0	0	0	7	0	0	0	0	8	40	18	12	0	0	3	2	0	0	0	1	0	0	5	1	1	0
Firmicutes_03_2	1	5	0	0	0	0	0	0	0	2	0	0	0	0	4	0	1	0	10	0	1	13	15	5	12	1	0	5	3	0	0	0	0	0	1	0	2	0	1
Firmicutes_03_484	0	0	0	0	0	0	0	0	0	0	0	0	0	0	0	0	0	0	0	0	0	0	0	0	0	0	0	0	0	0	0	0	0	0	12	48	28	3	9
Firmicutes_03_504	18	0	18	3	0	0	0	1	38	0	0	1	0	0	11	1	6	8	13	11	17	0	0	0	0	10	5	0	2	0	0	0	0	0	0	0	0	0	0
Firmicutes_03_958	0	0	0	0	0	0	0	0	0	0	0	0	0	0	0	0	0	0	0	0	0	0	0	0	0	0	0	0	0	0	0	0	0	1	0	30	25	0	4
Firmicutes_03_964	0	0	0	0	0	0	0	0	0	0	0	0	0	0	0	0	0	0	0	0	0	0	0	0	0	0	0	0	0	0	0	0	0	0	7	35	14	1	3
Firmicutes_03_1018	0	13	0	0	0	0	0	0	0	0	4	2	0	0	0	0	0	0	0	0	0	0	4	11	11	0	0	7	0	0	0	0	0	0	0	0	0	0	0
Firmicutes_03_1574	0	0	0	0	0	26	0	0	0	0	0	1	0	12	0	86	0	0	0	0	0	0	0	0	0	0	0	0	0	1	0	0	0	0	0	0	0	0	0
Firmicutes_03_3229	0	0	0	0	0	0	0	0	0	0	0	0	0	0	0	0	0	0	0	0	0	49	0	7	0	0	0	0	0	0	0	0	0	0	0	0	0	0	0
Gemmatimonadetes_03_1	0	15	0	0	0	0	0	0	0	0	5	10	0	16	0	0	0	0	0	0	0	52	33	23	23	0	0	8	2	0	0	0	63	96	2	82	25	63	2
Gemmatimonadetes_03_3	1	43	0	0	0	0	0	0	0	0	8	52	0	1	0	0	0	0	0	0	0	9	60	35	29	0	0	17	49	0	0	0	80	24	100	84	125	90	34
Gemmatimonadetes_03_4	6	0	4	16	0	2	0	0	1	0	0	1	0	2	0	0	0	0	0	0	0	0	0	0	0	9	0	0	11	0	0	0	0	6	1	0	3	0	3
Gemmatimonadetes_03_6	0	13	1	0	0	0	0	0	0	0	12	1	0	3	0	0	0	0	0	0	0	5	8	8	1	0	0	2	69	0	0	0	34	5	2	29	5	11	3
Gemmatimonadetes_03_9	0	0	0	0	0	0	0	0	0	0	0	0	0	0	0	0	0	0	0	0	0	1	2	0	9	0	0	1	0	0	0	0	8	1	2	17	9	5	0
Gemmatimonadetes_03_11	0	0	0	0	0	0	0	0	0	0	0	0	0	0	0	0	0	0	0	0	0	0	10	8	2	0	0	1	0	0	0	0	24	2	0	16	10	7	0
Gemmatimonadetes_03_15	0	3	0	0	0	0	0	0	0	0	0	6	0	8	0	0	0	0	0	0	0	34	23	7	4	0	0	0	0	0	0	0	18	115	1	35	3	18	0
Gemmatimonadetes_03_16	4	4	1	4	0	0	0	1	0	0	3	0	0	0	0	0	0	0	0	0	0	0	0	0	7	8	0	0	30	0	0	0	0	0	7	3	21	4	11
Gemmatimonadetes_03_24	0	22	0	0	0	0	0	0	0	0	7	0	0	0	0	0	0	0	0	0	0	11	1	12	49	0	0	13	2	0	0	0	0	9	10	0	0	0	5
Gemmatimonadetes_03_32	0	8	0	0	0	0	0	0	0	0	1	4	0	2	0	0	0	0	0	0	0	5	6	10	4	0	0	3	4	0	0	0	10	6	4	7	10	13	1
Gemmatimonadetes_03_94	0	1	0	0	0	0	0	0	0	0	0	0	0	0	0	0	0	0	0	0	0	8	5	8	2	0	0	3	4	0	0	0	0	0	0	12	4	4	0
Lentisphaerae_03_1	2	0	8	139	6	3	40	0	22	48	2	20	55	1	0	0	0	1	0	1	0	0	0	0	0	0	1	0	0	0	0	0	0	0	0	0	0	0	0
Lentisphaerae_03_11	0	28	0	0	0	0	0	0	0	0	0	1	0	0	0	0	0	0	0	0	0	4	15	7	19	0	0	3	19	0	0	0	16	4	9	16	21	10	14
Lentisphaerae_03_18	0	1	0	0	0	0	0	0	0	0	0	2	0	0	0	0	0	0	0	0	0	5	5	7	3	0	0	4	2	0	0	0	5	19	2	0	0	0	3
Lentisphaerae_03_24	0	0	0	0	0	0	0	0	0	0	1	1	0	0	0	0	0	0	0	0	0	14	0	0	0	0	0	0	0	0	0	0	4	10	6	4	5	3	3
Lentisphaerae_03_42	0	2	0	314	0	1	3	0	0	0	0	0	0	0	0	0	0	0	0	0	0	0	0	0	0	0	0	0	0	0	0	0	0	0	0	0	0	0	0
Lentisphaerae_03_86	0	0	0	0	0	0	0	0	0	0	0	0	0	3	0	0	0	0	0	0	0	0	0	0	0	0	0	0	0	0	0	0	0	47	0	0	0	0	0
Nitrospirae_03_9	0	9	0	0	0	0	0	0	0	0	1	0	0	0	0	0	0	0	0	0	0	0	0	0	7	0	0	5	40	0	0	0	0	0	0	0	0	0	0
Planctomycetes_03_2	176	0	15	1	0	1	0	3	0	1	0	17	0	1	1	0	0	0	0	0	0	0	0	0	0	24	3	0	0	9	31	3	0	0	0	1	0	0	0
Planctomycetes_03_3	0	1	0	0	0	1	0	0	0	0	2	2	0	0	0	3	0	0	2	0	0	8	7	10	0	0	0	0	17	0	0	0	1	0	0	0	0	0	0
Planctomycetes_03_9	0	49	0	0	0	0	0	3	0	0	4	12	0	0	0	0	0	0	0	0	0	2	23	36	74	0	0	32	76	0	0	0	11	4	16	17	0	5	2
Planctomycetes_03_13	0	0	2	0	0	0	0	0	0	0	0	0	0	4	0	0	0	0	0	0	0	5	6	1	10	0	0	2	3	0	0	0	5	58	10	3	11	18	5
Planctomycetes_03_18	0	0	1	0	0	0	0	0	0	0	0	0	0	0	0	0	0	0	0	0	0	0	1	0	3	0	0	0	0	0	0	0	1	42	0	8	5	7	4
Planctomycetes_03_31	1	0	17	0	1	0	0	3	2	0	4	5	0	31	0	0	0	0	0	0	0	23	17	16	30	0	0	5	2	0	0	0	5	0	0	0	0	0	0
Planctomycetes_03_37	0	0	1	4	12	0	17	0	0	9	0	7	25	0	0	0	24	95	51	28	1	0	0	0	0	0	0	0	0	0	0	0	0	0	0	0	0	0	0
Planctomycetes_03_44	0	9	3	1	0	0	0	2	0	0	3	2	0	1	0	0	0	0	0	0	0	0	3	8	31	2	0	22	1	0	0	0	38	7	16	7	18	11	8
Planctomycetes_03_80	0	6	0	0	0	0	0	0	0	0	0	0	0	1	0	0	0	0	0	0	0	8	28	0	4	0	0	2	0	0	0	0	12	13	3	7	1	16	0
Planctomycetes_03_121	0	2	0	0	0	0	0	0	0	0	0	1	0	0	0	0	0	0	0	0	0	15	18	7	5	0	0	12	0	0	0	0	3	2	0	2	2	0	0
Planctomycetes_03_319	0	12	0	0	0	0	0	0	0	0	3	2	0	0	0	0	0	0	0	0	0	1	3	13	4	0	0	6	18	0	0	0	1	0	0	0	0	0	0
Alphaproteobacteria_03_1	2627	2827	2597	1984	792	1237	1002	1435	4080	822	798	889	896	555	690	1673	647	802	893	378	1526	1129	1084	1749	2375	3841	2220	1742	3496	2478	6243	2348	4867	843	2458	1701	2499	1889	2052
Alphaproteobacteria_03_2	1558	1224	1437	2220	1978	1206	3127	477	3629	2488	204	1137	3008	215	386	1370	371	668	750	417	834	295	306	611	687	2193	1369	534	1336	8	1	0	523	180	365	201	237	259	189
Alphaproteobacteria_03_3	0	1	0	0	0	0	0	0	0	0	0	0	0	0	0	0	3	3	0	0	0	87	50	96	18	2	1	51	25	0	0	0	0	1	1	3	1	0	0
Alphaproteobacteria_03_4	7	0	7	0	0	14	0	0	0	0	0	0	0	2	0	53	0	0	0	0	0	5	3	4	0	26	7	11	7	1035	1259	2113	0	0	0	24	1	0	1
Alphaproteobacteria_03_5	0	3	0	0	0	0	0	0	0	0	0	0	0	0	0	0	0	0	0	0	0	0	0	0	0	0	0	0	0	354	204	459	0	4	0	2	0	3	32
Alphaproteobacteria_03_7	0	2	0	0	0	0	0	0	0	0	0	0	0	0	0	1	3	0	14	8	0	56	23	42	28	0	0	41	126	0	0	0	0	0	6	21	5	2	6
Alphaproteobacteria_03_9	16	5	59	37	48	57	6	1	28	15	4	14	15	10	4	81	30	31	30	37	18	0	3	0	3	10	5	0	0	0	0	0	0	0	0	0	0	0	0
Alphaproteobacteria_03_12	141	5	161	244	221	95	433	16	287	378	4	175	402	18	42	160	314	568	577	348	517	16	1	8	2	99	520	4	5	153	430	483	0	0	0	12	0	1	6
Alphaproteobacteria_03_14	814	41	628	605	567	528	780	17	378	345	6	129	437	89	30	383	197	283	306	200	568	8	0	11	13	331	285	3	71	23	21	19	2	0	3	6	7	1	35
Alphaproteobacteria_03_16	47	9	36	146	3	3	2	1	0	0	0	4	0	2	0	1	72	88	109	127	146	3	0	0	0	0	48	0	1	24	48	67	0	0	0	0	0	1	3
Alphaproteobacteria_03_17	583	101	515	362	170	363	433	127	580	361	74	239	397	64	99	506	173	355	530	221	536	47	32	43	141	464	255	82	295	24	65	28	121	41	111	76	171	86	314
Alphaproteobacteria_03_18	1	5	0	0	0	0	0	0	0	0	0	0	0	0	0	0	2	0	0	0	17	28	147	2	24	1	21	6	6	0	0	0	0	0	0	0	1	0	0
Alphaproteobacteria_03_20	530	36	555	465	14	496	28	192	1168	25	34	37	13	82	349	140	19	20	27	34	48	12	4	20	22	705	195	13	220	470	518	438	92	5	24	37	71	11	128
Alphaproteobacteria_03_21	23	504	66	18	11	4	7	315	210	7	151	66	6	4	21	8	0	0	0	0	0	18	91	252	453	134	2	345	734	0	0	0	451	19	201	112	160	195	118
Alphaproteobacteria_03_22	38	3	41	33	32	49	36	0	69	73	2	42	71	8	7	62	18	48	56	31	74	2	2	0	0	99	113	0	6	0	2	0	0	0	1	0	0	0	0
Alphaproteobacteria_03_26	97	232	156	189	77	51	192	138	302	174	138	137	234	36	29	138	58	115	174	70	95	89	66	149	253	161	35	168	317	0	0	0	241	263	339	223	187	318	71
Alphaproteobacteria_03_28	0	5	0	0	2	0	0	0	0	0	3	2	3	0	0	1	10	16	9	3	4	837	403	955	243	22	29	505	234	0	0	0	1	4	9	58	22	1	3
Alphaproteobacteria_03_29	37	0	43	14	0	35	1	0	0	3	1	1	0	8	0	3	12	7	6	5	33	0	0	0	0	1	77	0	0	216	808	679	1	0	6	4	3	1	9
Alphaproteobacteria_03_30	208	15	348	376	228	243	362	86	954	148	14	53	297	27	39	127	7	25	38	26	32	7	1	5	6	228	76	2	146	0	4	0	0	0	0	0	0	0	1
Alphaproteobacteria_03_31	0	18	0	1	1	7	0	5	5	1	46	13	0	93	4	10	0	3	1	1	8	27	12	14	10	4	3	3	1	1	1	0	0	3	0	0	0	0	0
Alphaproteobacteria_03_32	37	3	41	160	688	20	1152	2	287	623	6	182	996	5	14	110	16	108	133	94	49	0	0	0	0	42	42	1	9	0	0	0	0	0	0	0	0	0	0
Alphaproteobacteria_03_33	93	7	109	233	223	69	309	10	201	295	3	157	419	9	6	307	114	89	113	216	115	4	0	0	0	4	46	1	0	9	8	5	0	0	0	0	1	0	0
Alphaproteobacteria_03_34	1	5	0	3	3	1	0	0	2	3	7	15	3	13	1	4	0	0	4	0	1	387	63	53	15	0	2	32	15	29	4	0	0	0	0	0	0	0	0
Alphaproteobacteria_03_35	126	19	150	166	87	117	634	2	126	565	10	295	728	19	7	65	99	228	329	186	385	9	3	3	5	59	366	8	5	17	68	10	0	0	0	10	0	0	2
Alphaproteobacteria_03_36	53	0	63	207	158	333	137	0	78	176	1	96	150	41	36	888	34	46	45	81	214	2	2	3	1	50	120	0	5	7	4	0	1	0	0	0	0	0	0
Alphaproteobacteria_03_37	0	0	0	0	0	0	0	0	0	0	0	0	0	0	0	0	0	0	0	0	1	142	44	88	54	1	1	23	71	0	0	0	0	0	0	1	0	0	0
Alphaproteobacteria_03_43	86	4	69	127	163	23	195	29	290	126	6	84	212	7	21	117	5	6	0	17	6	0	0	0	0	3	27	0	2	0	0	0	0	0	0	0	0	0	0
Alphaproteobacteria_03_44	1	10	2	0	2	165	31	44	26	12	84	151	16	676	27	160	5	17	0	0	264	247	239	91	157	13	20	46	20	5	0	0	0	0	2	0	0	0	0
Alphaproteobacteria_03_46	0	0	0	0	0	0	0	0	0	0	0	0	0	0	0	0	0	0	0	0	0	0	0	0	0	0	0	0	0	33	7	27	0	0	0	0	0	0	0
Alphaproteobacteria_03_47	0	0	0	0	0	1	0	0	0	0	0	0	0	0	0	0	0	0	0	0	0	0	0	0	0	0	0	0	0	51	175	187	0	0	0	0	0	0	0
Alphaproteobacteria_03_49	9	315	41	14	0	1	2	109	120	1	91	35	0	8	6	1	0	0	0	0	0	31	60	124	232	58	5	180	414	0	0	0	138	28	76	62	53	81	26
Alphaproteobacteria_03_50	0	1	0	1	0	0	0	0	0	0	0	0	2	0	0	0	3	0	5	1	1	17	23	5	17	0	0	3	1	0	0	0	0	0	1	0	0	0	4
Alphaproteobacteria_03_51	1	0	0	0	0	0	0	1	0	0	0	1	0	0	0	0	0	0	0	0	0	16	0	1	0	0	0	1	0	4	0	0	0	0	17	83	47	2	27
Alphaproteobacteria_03_52	0	162	0	0	0	0	0	5	0	1	13	24	0	76	0	0	0	0	0	0	0	263	88	107	174	2	0	100	78	0	0	0	68	396	56	50	19	52	10
Alphaproteobacteria_03_53	265	15	186	293	86	49	309	80	576	169	37	76	367	7	24	74	50	48	61	23	110	9	0	6	8	108	287	4	21	0	0	0	0	0	9	0	3	1	3
Alphaproteobacteria_03_54	1	346	0	0	0	0	0	65	6	0	90	29	0	0	1	0	0	0	0	0	0	43	30	171	235	6	0	190	240	0	0	0	41	28	91	23	24	39	21
Alphaproteobacteria_03_57	3	4	7	32	223	2	124	0	19	200	1	150	204	0	0	1	29	51	76	33	40	1	0	0	0	0	17	0	0	0	0	0	0	0	0	0	0	0	0
Alphaproteobacteria_03_59	0	0	0	0	0	0	0	0	0	0	0	0	1	0	0	0	4	1	0	1	0	12	3	6	3	1	2	2	6	0	0	0	0	0	0	36	30	0	0
Alphaproteobacteria_03_60	1	2	18	45	95	2	356	2	29	690	4	178	292	1	1	16	32	21	25	15	12	0	0	0	0	0	8	0	0	2	6	2	0	0	0	0	0	0	0
Alphaproteobacteria_03_62	0	0	0	0	0	0	0	0	0	0	0	0	0	1	0	0	1	1	6	0	8	29	66	38	28	1	1	3	47	0	0	0	0	0	0	1	4	0	0
Alphaproteobacteria_03_64	0	0	0	0	0	0	0	0	0	0	0	0	0	0	0	0	0	0	0	0	0	33	82	21	15	1	0	0	0	0	0	0	0	0	0	0	0	0	0
Alphaproteobacteria_03_67	137	4	56	68	180	249	89	1	131	14	1	14	12	46	21	324	5	8	4	1	58	3	0	3	0	50	190	0	3	0	0	0	0	1	0	0	0	0	2
Alphaproteobacteria_03_68	0	0	0	0	0	0	0	0	1	0	0	0	0	0	0	0	4	0	1	3	1	15	8	57	20	0	0	9	1	1	0	0	0	0	1	0	2	0	2
Alphaproteobacteria_03_69	18	7	61	217	514	458	157	6	531	204	4	128	187	69	62	688	6	1	9	12	25	6	0	0	0	84	30	0	13	0	0	0	0	0	0	0	0	0	0
Alphaproteobacteria_03_71	1	0	1	7	36	1	9	0	0	7	0	3	15	0	0	2	11	14	11	7	18	0	0	0	0	0	3	0	0	0	0	0	0	0	0	0	0	0	0
Alphaproteobacteria_03_72	65	3	113	56	2	8	5	30	350	3	1	3	3	6	109	3	0	2	0	0	0	3	0	1	0	88	6	1	25	0	0	0	0	0	1	0	0	0	0
Alphaproteobacteria_03_73	16	13	37	33	43	17	92	0	55	26	0	14	58	8	4	15	41	98	114	88	155	15	14	4	2	17	80	0	3	0	0	0	14	1	0	16	1	5	0
Alphaproteobacteria_03_75	0	0	0	0	0	0	0	0	0	0	0	0	0	0	0	0	0	0	0	0	0	0	0	0	0	3	0	0	0	16	61	69	1	0	0	6	0	2	11
Alphaproteobacteria_03_76	6	4	17	137	68	4	117	51	364	32	8	11	76	2	16	6	0	4	0	0	0	3	2	1	4	40	25	11	121	0	0	0	1	0	0	0	0	2	4
Alphaproteobacteria_03_77	2	0	1	2	0	5	0	0	0	0	0	0	0	0	1	22	0	0	0	0	0	7	11	18	14	27	0	4	23	1	0	0	0	0	0	0	0	0	1
Alphaproteobacteria_03_79	105	3	40	6	2	17	0	1	0	1	0	8	0	0	0	3	14	6	10	8	128	0	0	0	0	39	136	0	0	95	145	44	0	0	3	58	2	6	13
Alphaproteobacteria_03_80	4	5	10	14	86	1	48	72	262	34	5	9	45	0	23	12	0	0	0	0	0	0	0	2	3	43	1	2	120	0	0	0	3	0	2	1	1	1	2
Alphaproteobacteria_03_81	1	0	0	1	4	0	1	0	0	0	0	0	1	4	0	0	2	2	1	2	2	1	11	7	5	0	0	3	0	0	0	0	0	0	1	13	13	0	14
Alphaproteobacteria_03_84	6	62	14	11	1	3	2	18	78	0	40	14	0	1	1	0	0	0	2	0	0	3	13	34	64	18	7	60	61	0	0	0	36	3	33	23	6	15	21
Alphaproteobacteria_03_85	89	1	65	69	23	8	84	29	132	42	6	20	73	6	21	21	20	14	15	9	79	0	0	1	3	37	73	2	15	0	0	0	0	0	0	0	0	0	1
Alphaproteobacteria_03_88	7	0	5	5	0	16	0	2	2	0	0	2	0	0	15	64	0	0	0	0	0	0	0	0	0	63	1	0	3	40	30	64	10	0	2	9	12	5	28
Alphaproteobacteria_03_90	0	0	0	0	0	0	0	0	0	0	0	0	0	0	0	0	0	0	0	0	0	0	0	0	0	0	0	0	0	22	99	50	0	0	0	3	1	0	0
Alphaproteobacteria_03_93	48	2	56	80	56	1	131	6	62	84	0	23	132	1	8	10	68	44	28	46	160	0	0	2	0	23	36	0	0	0	0	0	0	0	0	0	0	0	0
Alphaproteobacteria_03_95	15	23	43	7	0	2	0	159	85	0	43	5	0	0	8	0	0	0	0	0	0	0	1	22	34	68	4	24	354	0	0	0	59	1	26	11	41	9	54
Alphaproteobacteria_03_99	0	0	0	0	0	0	0	0	0	0	0	0	0	0	0	0	0	0	0	0	0	4	2	11	20	0	0	1	32	0	0	0	0	0	0	0	0	0	0
Alphaproteobacteria_03_101	0	0	0	0	0	0	0	0	0	0	0	0	0	0	0	0	0	0	0	1	0	1	3	0	0	0	0	2	0	0	0	0	0	3	13	34	17	1	16
Alphaproteobacteria_03_106	59	2	41	61	86	28	65	0	18	40	1	44	40	2	0	145	6	18	87	25	83	0	0	0	5	6	49	0	7	0	0	0	0	1	0	0	0	0	6
Alphaproteobacteria_03_107	0	0	0	0	0	1	0	0	0	0	0	0	0	0	0	0	7	0	6	5	0	1	4	1	18	2	1	6	1	0	0	0	0	0	0	0	1	0	1
Alphaproteobacteria_03_110	0	9	0	0	0	0	0	0	0	0	0	6	0	20	0	0	0	0	0	0	0	50	30	12	0	0	0	6	0	0	0	0	10	59	2	12	9	15	0
Alphaproteobacteria_03_112	3	0	1	1	18	9	11	0	0	21	0	3	19	0	0	0	5	17	19	12	8	0	0	0	0	0	0	0	0	0	0	0	0	0	0	0	0	0	0
Alphaproteobacteria_03_115	37	0	62	18	124	30	131	4	64	58	1	47	151	2	27	60	31	65	55	55	99	0	1	0	0	27	32	0	2	0	0	0	0	0	0	0	0	0	0
Alphaproteobacteria_03_119	3	23	2	0	0	2	0	2	1	0	1	12	0	15	1	1	0	0	0	0	0	130	85	56	42	1	0	13	8	6	3	1	34	206	11	62	22	26	8
Alphaproteobacteria_03_120	104	4	71	37	30	38	45	5	29	12	0	24	38	8	4	110	5	13	13	7	45	2	3	1	1	24	19	1	11	0	0	0	2	2	0	1	0	1	5
Alphaproteobacteria_03_124	120	0	88	36	14	81	47	2	21	19	0	8	19	7	13	8	7	0	0	0	5	2	1	0	2	134	18	0	0	12	28	14	0	0	2	5	0	0	15
Alphaproteobacteria_03_131	2	1	7	63	65	2	83	2	68	64	0	20	93	0	2	29	3	2	9	0	5	0	0	3	0	30	13	0	8	0	0	0	0	0	0	0	0	0	0
Alphaproteobacteria_03_134	72	1	61	7	0	64	0	0	0	0	0	4	0	10	0	18	0	0	3	0	6	2	0	0	0	100	31	0	1	0	0	0	0	0	0	0	0	0	0
Alphaproteobacteria_03_135	0	0	0	0	0	0	0	0	0	0	0	0	0	1	0	1	0	0	0	0	0	31	7	34	6	0	2	152	125	14	2	2	0	0	0	0	0	0	0
Alphaproteobacteria_03_136	0	0	0	0	0	18	0	2	0	2	0	2	1	47	0	66	0	0	0	0	0	0	0	0	0	0	0	0	1	0	1	0	0	0	0	0	0	0	0
Alphaproteobacteria_03_137	12	0	1	27	129	8	0	1	1	0	1	0	0	1	0	10	7	1	0	0	3	0	0	0	0	6	2	0	0	137	536	708	0	0	0	0	0	0	0
Alphaproteobacteria_03_146	7	0	3	6	12	0	2	3	5	1	0	0	1	0	3	1	0	1	3	0	3	0	0	0	0	0	0	0	0	71	43	14	1	2	0	3	0	0	4
Alphaproteobacteria_03_160	0	58	0	0	0	0	0	2	3	0	2	3	0	0	0	0	0	0	0	0	0	0	7	62	40	0	0	53	25	0	0	0	36	0	18	2	15	15	5
Alphaproteobacteria_03_162	43	0	46	14	2	0	2	68	236	0	3	1	0	2	61	39	0	1	0	0	1	0	0	0	0	49	3	0	3	0	0	0	0	0	0	0	0	0	0
Alphaproteobacteria_03_163	13	2	12	5	0	1	0	4	4	0	0	0	0	3	0	0	0	0	0	0	0	39	2	4	1	21	0	0	3	0	3	0	39	30	12	15	12	8	19
Alphaproteobacteria_03_164	0	58	1	0	0	0	0	7	1	0	13	10	0	1	0	0	0	0	0	0	0	9	10	21	52	3	0	45	51	0	0	0	53	9	20	16	18	25	2
Alphaproteobacteria_03_166	0	0	0	0	0	3	0	0	0	0	0	0	0	0	0	0	0	0	0	0	0	0	0	0	0	0	0	0	0	9	21	8	0	0	0	9	0	0	24
Alphaproteobacteria_03_168	0	3	1	1	0	1	0	0	0	0	0	0	3	0	0	1	2	0	0	0	4	148	203	108	21	0	6	76	26	0	0	0	0	0	0	0	0	0	0
Alphaproteobacteria_03_174	0	42	0	0	0	0	0	2	0	0	4	6	0	0	0	1	0	0	0	0	0	0	10	37	37	0	0	25	26	0	0	0	20	0	7	8	4	10	3
Alphaproteobacteria_03_176	0	47	2	0	0	0	0	10	3	0	10	4	0	0	1	0	0	0	0	0	0	10	8	16	48	0	0	27	67	0	0	0	1	1	12	1	0	10	1
Alphaproteobacteria_03_187	0	0	0	0	1	2	0	2	0	0	3	2	0	24	0	21	0	1	0	0	0	39	70	23	9	3	2	1	2	0	1	0	0	0	0	0	0	0	0
Alphaproteobacteria_03_191	118	13	103	53	0	79	4	3	26	0	9	12	0	7	8	101	4	1	2	1	38	1	0	0	2	75	84	3	13	0	0	0	5	0	15	6	8	7	30
Alphaproteobacteria_03_201	0	45	0	0	0	0	0	10	0	0	8	2	0	0	0	0	0	0	0	0	0	0	2	7	59	2	0	23	13	0	0	0	0	0	16	0	0	1	2
Alphaproteobacteria_03_206	0	0	0	0	0	0	0	0	0	0	0	0	0	0	0	1	4	15	5	4	43	5	92	9	58	0	0	26	4	0	0	0	0	0	0	0	0	0	0
Alphaproteobacteria_03_209	127	0	97	26	0	5	0	6	47	1	0	8	0	11	21	3	0	0	1	0	0	5	9	0	2	22	2	0	24	0	0	0	107	3	4	24	11	49	4
Alphaproteobacteria_03_211	0	0	0	0	0	0	0	0	0	0	0	0	0	0	0	0	1	12	49	21	0	0	0	0	0	0	0	0	0	0	0	0	0	0	0	0	0	0	0
Alphaproteobacteria_03_213	0	0	0	0	0	0	0	0	0	0	0	0	0	0	0	0	0	0	0	0	0	14	45	71	6	2	0	16	11	0	0	0	0	0	0	0	0	0	0
Alphaproteobacteria_03_221	0	1	0	1	110	0	0	0	0	0	0	0	0	0	0	0	0	0	0	0	0	0	0	0	0	0	0	0	0	0	0	0	0	0	0	0	0	0	0
Alphaproteobacteria_03_223	1	0	2	3	24	1	25	0	3	9	0	1	32	1	1	2	23	8	8	2	7	0	0	0	0	0	8	0	0	0	0	0	0	0	0	0	0	0	0
Alphaproteobacteria_03_239	5	0	13	20	42	1	45	6	92	25	1	10	57	1	24	13	2	10	14	5	2	0	0	0	0	16	2	0	1	0	0	0	0	0	0	0	0	0	0
Alphaproteobacteria_03_244	0	0	0	0	0	0	0	0	0	0	0	0	0	0	0	0	0	0	0	0	0	40	47	129	50	0	0	18	127	1	0	0	0	0	0	0	0	0	0
Alphaproteobacteria_03_247	0	4	4	0	0	0	0	21	7	0	9	2	0	0	0	0	0	0	0	0	0	0	14	5	9	13	0	22	47	0	0	0	14	0	11	3	18	15	6
Alphaproteobacteria_03_249	12	3	20	44	155	3	84	0	87	46	1	34	52	1	7	32	19	19	37	38	91	0	0	0	0	22	20	0	3	0	0	0	0	0	0	0	0	0	0
Alphaproteobacteria_03_252	0	4	1	19	2	0	11	1	18	6	0	3	20	0	0	1	0	1	0	0	0	0	0	7	3	0	7	4	2	0	0	0	1	0	0	0	0	1	2
Alphaproteobacteria_03_255	23	2	27	8	7	1	17	2	4	13	0	7	7	2	0	0	5	2	0	0	0	0	0	0	0	3	0	5	13	0	0	0	0	0	0	0	0	0	0
Alphaproteobacteria_03_263	0	8	0	0	0	0	0	1	0	0	3	7	0	0	0	0	0	0	0	0	0	4	4	11	13	0	0	8	1	0	0	0	11	2	18	2	5	16	0
Alphaproteobacteria_03_265	0	0	0	0	0	0	0	77	17	0	5	0	0	0	8	0	0	0	0	0	0	0	0	0	0	0	0	0	0	0	0	0	0	0	0	0	0	0	0
Alphaproteobacteria_03_268	0	98	0	1	0	0	0	15	6	0	11	14	0	20	2	0	0	0	0	0	0	50	53	95	66	3	0	64	124	0	0	0	31	15	23	7	5	18	3
Alphaproteobacteria_03_271	0	0	0	0	0	0	0	0	0	1	0	1	0	32	1	0	0	1	0	1	13	0	0	0	0	0	0	0	0	1	1	0	0	0	0	0	0	0	0
Alphaproteobacteria_03_273	0	24	1	0	0	0	0	0	0	0	2	1	0	0	0	0	0	0	0	0	0	10	15	48	44	0	0	20	50	0	0	0	66	10	52	56	54	47	24
Alphaproteobacteria_03_274	0	0	0	0	40	0	0	0	0	0	0	0	0	0	0	0	0	3	1	0	1	0	0	0	0	0	5	0	0	0	0	0	0	0	0	0	0	0	0
Alphaproteobacteria_03_275	0	0	18	11	0	0	0	0	11	1	0	0	1	2	0	0	1	1	0	5	0	0	0	0	0	1	0	0	3	0	0	0	0	0	0	0	0	0	0
Alphaproteobacteria_03_281	17	0	16	11	0	1	0	11	80	1	1	2	0	1	16	12	0	1	0	0	0	0	0	0	0	15	5	0	1	0	0	0	0	0	0	0	0	0	0
Alphaproteobacteria_03_284	2	13	2	2	0	0	0	15	2	0	8	2	0	0	0	0	0	0	0	0	0	0	3	5	1	6	0	3	7	0	0	0	44	0	25	17	24	23	20
Alphaproteobacteria_03_303	6	0	12	8	2	1	0	0	11	0	0	1	0	0	0	2	2	1	0	3	0	3	0	1	0	1	4	0	11	0	0	0	0	3	2	5	0	0	11
Alphaproteobacteria_03_305	0	18	0	0	0	0	0	0	0	0	0	1	0	0	0	0	0	0	0	0	0	0	6	14	13	0	0	9	2	0	0	0	0	0	6	0	0	1	0
Alphaproteobacteria_03_312	0	9	0	0	4	0	10	14	4	0	0	0	12	6	0	2	0	2	0	0	0	11	3	7	0	0	0	3	1	0	0	0	0	0	0	2	0	0	0
Alphaproteobacteria_03_313	6	1	2	4	16	47	14	0	0	6	0	3	7	3	0	11	15	13	11	9	48	0	0	0	0	1	2	0	0	0	0	0	0	0	0	0	0	0	0
Alphaproteobacteria_03_318	36	0	23	7	1	41	0	1	2	0	0	1	0	3	0	28	0	0	0	0	2	1	0	0	0	13	22	0	0	0	0	0	0	0	0	0	0	0	2
Alphaproteobacteria_03_325	0	0	0	0	1	0	0	3	0	0	2	0	1	0	0	1	1	1	0	5	97	0	0	0	0	0	0	0	0	0	0	0	0	0	0	0	0	0	0
Alphaproteobacteria_03_330	0	0	4	2	0	14	0	0	1	0	0	0	0	2	0	3	5	8	5	11	26	0	0	0	0	0	2	0	0	1	0	1	0	0	0	0	0	0	0
Alphaproteobacteria_03_333	0	61	4	5	0	0	0	7	5	0	27	8	0	0	0	1	0	0	0	0	0	4	16	17	52	2	1	40	83	0	0	0	2	3	19	14	11	26	11
Alphaproteobacteria_03_334	0	0	0	0	0	0	0	0	0	0	0	0	0	0	0	0	0	0	0	0	0	0	0	0	0	0	0	0	0	35	20	16	0	0	0	0	4	0	0
Alphaproteobacteria_03_336	0	0	0	0	0	0	0	0	0	0	0	2	0	6	0	0	0	0	0	0	0	23	4	0	0	0	0	0	0	0	0	0	32	40	0	25	11	12	0
Alphaproteobacteria_03_350	14	0	11	1	0	0	0	8	1	0	0	1	0	0	0	0	2	1	0	3	0	0	0	0	0	0	4	0	0	0	0	0	0	0	0	0	1	0	8
Alphaproteobacteria_03_356	0	0	0	0	0	0	0	0	0	0	0	0	0	0	0	0	0	0	0	1	2	23	32	0	1	0	1	1	0	0	0	0	0	0	0	0	0	0	0
Alphaproteobacteria_03_358	0	0	0	0	0	0	0	0	0	0	0	0	1	0	0	0	0	0	0	0	0	53	37	61	34	0	0	24	39	0	0	0	0	0	0	0	0	0	0
Alphaproteobacteria_03_363	6	7	17	0	0	0	0	39	3	0	11	3	0	1	1	0	0	0	0	0	0	0	0	5	4	4	0	6	13	0	0	0	16	0	10	1	13	0	6
Alphaproteobacteria_03_364	0	0	0	0	0	0	0	0	0	0	0	0	0	0	0	0	0	0	0	0	0	114	40	38	35	0	0	6	22	0	1	0	0	0	0	0	0	0	0
Alphaproteobacteria_03_370	0	0	5	12	25	4	98	0	31	59	0	28	41	0	0	0	4	14	3	6	5	0	0	0	0	1	0	0	0	0	0	0	0	0	0	0	0	0	0
Alphaproteobacteria_03_378	1	24	2	0	0	0	0	0	0	0	15	4	0	0	0	0	0	0	0	0	0	0	4	15	29	5	0	23	22	0	0	0	4	2	9	6	7	7	9
Alphaproteobacteria_03_379	0	34	0	6	0	1	1	1	11	2	7	1	0	0	1	1	0	1	5	0	0	0	0	18	15	1	0	10	32	0	0	0	13	0	13	4	3	1	1
Alphaproteobacteria_03_381	7	0	3	12	1	0	15	0	1	12	0	6	13	1	0	1	0	4	5	2	1	1	0	0	0	1	2	0	2	0	0	0	0	0	0	0	0	0	0
Alphaproteobacteria_03_384	0	0	1	2	8	0	13	0	4	17	0	6	12	0	0	1	0	15	19	6	2	0	0	0	0	0	0	0	0	0	0	0	0	0	0	0	0	0	0
Alphaproteobacteria_03_391	0	0	0	0	0	0	0	0	0	0	0	0	0	0	0	0	0	0	0	0	0	0	0	0	0	0	0	0	0	16	68	186	0	0	0	0	0	0	0
Alphaproteobacteria_03_395	0	14	0	0	0	0	0	0	0	0	0	1	0	0	0	0	0	0	0	0	0	8	6	1	3	0	0	4	4	0	0	0	2	5	0	0	1	0	1
Alphaproteobacteria_03_404	0	1	3	13	9	0	6	1	13	6	1	1	14	0	1	8	0	5	1	1	2	0	0	3	0	5	0	3	2	0	0	0	0	0	0	0	0	0	0
Alphaproteobacteria_03_407	0	0	2	3	19	2	55	1	4	10	1	12	16	0	0	1	0	2	3	3	0	0	0	0	0	0	0	0	0	0	0	0	0	0	0	0	0	0	0
Alphaproteobacteria_03_409	0	0	0	0	65	0	1	0	0	0	0	0	2	0	0	0	0	1	6	1	1	0	0	0	0	0	0	0	0	0	0	0	0	0	0	0	0	0	0
Alphaproteobacteria_03_415	15	0	5	0	0	1	0	0	11	0	0	1	0	0	1	5	0	0	0	0	0	0	0	0	0	10	9	0	0	0	0	0	0	0	0	0	0	0	0
Alphaproteobacteria_03_435	0	1	0	0	0	28	0	1	1	9	0	9	1	205	0	219	0	0	0	0	0	0	0	0	0	0	0	0	0	0	0	0	0	2	0	0	0	0	0
Alphaproteobacteria_03_440	0	0	0	0	0	5	0	0	1	11	0	5	0	8	0	14	0	0	0	0	0	0	0	0	0	0	0	0	0	6	0	0	0	0	0	0	0	0	0
Alphaproteobacteria_03_461	28	0	21	13	0	23	10	0	4	5	0	8	6	2	2	13	14	8	9	10	81	2	0	0	3	4	95	0	1	0	0	0	0	0	0	0	0	0	0
Alphaproteobacteria_03_462	12	8	4	1	3	0	5	0	1	0	5	0	7	0	0	0	4	0	1	1	2	0	0	0	0	1	0	0	9	0	0	0	2	0	2	0	7	0	2
Alphaproteobacteria_03_465	0	0	4	0	0	0	2	0	0	11	0	4	11	1	0	0	5	14	31	5	5	0	0	0	0	0	0	0	0	0	0	0	0	0	0	0	0	0	0
Alphaproteobacteria_03_485	0	31	0	0	0	0	0	1	0	0	8	6	0	0	0	0	0	0	0	0	0	13	7	17	17	0	0	8	28	0	0	0	4	11	9	0	1	13	3
Alphaproteobacteria_03_499	0	11	0	0	0	0	0	0	0	0	1	4	0	0	0	0	0	0	0	0	0	0	4	15	4	0	0	13	1	0	0	0	22	0	15	0	8	3	5
Alphaproteobacteria_03_502	13	5	47	0	0	3	0	6	2	0	0	0	0	0	0	0	0	0	0	0	0	0	0	0	4	20	0	2	6	0	0	0	29	0	4	0	4	0	10
Alphaproteobacteria_03_509	1	1	0	0	0	0	0	0	0	0	4	0	0	0	0	0	0	0	0	0	0	0	0	0	0	0	0	0	44	0	0	0	3	0	5	0	6	3	8
Alphaproteobacteria_03_513	0	0	0	0	0	0	0	0	0	0	0	0	0	0	0	0	0	0	0	0	2	16	10	30	4	0	4	0	2	0	0	0	0	0	0	0	0	0	0
Alphaproteobacteria_03_514	8	0	5	36	19	6	33	0	19	16	0	3	22	2	2	5	2	3	3	3	4	0	0	0	0	4	4	0	1	0	0	0	0	0	0	0	0	0	0
Alphaproteobacteria_03_522	0	0	0	0	0	0	0	0	0	0	0	0	0	0	0	0	0	0	0	0	0	13	17	4	8	0	0	2	7	0	0	0	0	0	0	0	0	0	0
Alphaproteobacteria_03_528	0	12	0	0	0	0	0	0	0	0	5	9	0	0	0	0	0	0	0	0	0	0	10	12	15	0	0	14	12	0	0	0	2	0	12	1	2	12	0
Alphaproteobacteria_03_533	0	11	0	0	0	0	0	0	0	0	2	4	0	0	0	0	0	0	0	0	0	0	5	10	29	0	0	16	29	0	0	0	0	0	15	14	2	7	5
Alphaproteobacteria_03_542	0	22	0	0	0	0	0	0	0	0	3	1	0	2	0	0	0	0	0	0	0	34	8	5	13	2	0	11	5	0	0	0	1	19	3	2	0	1	0
Alphaproteobacteria_03_551	6	0	5	3	1	3	6	0	7	8	1	6	11	0	0	3	4	30	40	9	15	0	0	0	0	0	5	0	0	0	0	0	0	0	0	0	0	0	0
Alphaproteobacteria_03_559	0	5	0	0	0	0	0	0	0	0	1	3	0	0	0	0	0	0	0	0	0	23	17	9	0	0	0	3	2	0	0	0	1	25	5	13	8	15	0
Alphaproteobacteria_03_589	0	0	0	17	7	1	23	0	30	13	1	4	34	0	1	1	0	0	0	0	0	0	0	0	0	0	0	0	0	0	0	0	0	0	0	0	0	0	0
Alphaproteobacteria_03_597	0	28	0	0	0	0	0	0	0	0	7	0	0	0	0	0	0	0	0	0	0	0	0	15	18	0	0	34	11	0	0	0	1	0	8	0	3	9	0
Alphaproteobacteria_03_599	0	4	0	0	0	0	0	0	0	0	0	1	0	0	0	0	0	0	0	0	0	6	5	10	1	0	0	1	4	0	0	0	1	6	1	14	2	3	0
Alphaproteobacteria_03_600	0	0	0	0	0	5	0	0	0	0	0	0	0	7	0	64	0	0	0	0	0	0	0	0	0	0	0	0	0	0	0	0	0	0	0	0	0	0	0
Alphaproteobacteria_03_613	0	0	0	0	0	0	0	0	0	0	0	0	0	16	0	0	0	0	0	0	0	26	11	0	0	0	0	0	0	0	0	0	6	2	0	0	0	0	0
Alphaproteobacteria_03_617	0	1	1	49	298	3	4	0	2	1	0	0	1	1	1	0	0	0	0	0	0	0	0	0	0	0	0	0	1	0	0	0	0	0	0	0	0	0	0
Alphaproteobacteria_03_638	0	0	1	6	2	0	19	0	0	9	0	1	10	0	0	0	0	3	5	0	0	0	0	0	0	0	0	0	0	0	0	0	0	0	0	0	0	0	0
Alphaproteobacteria_03_645	5	0	5	1	1	0	4	3	11	1	0	1	3	0	0	0	5	3	4	0	1	0	0	0	0	6	0	0	3	0	0	0	0	0	0	0	0	0	0
Alphaproteobacteria_03_649	0	4	3	0	0	0	0	0	0	0	3	0	0	0	0	0	0	0	0	0	0	0	0	3	6	2	0	3	31	0	0	0	7	0	20	2	19	6	12
Alphaproteobacteria_03_653	0	25	0	0	0	0	0	0	0	0	1	0	0	0	0	0	0	0	0	0	0	19	8	11	5	0	0	16	5	0	0	0	7	10	5	10	1	10	0
Alphaproteobacteria_03_659	0	0	0	0	0	0	0	0	0	0	0	0	0	0	0	0	0	0	0	0	0	8	1	4	8	0	0	2	12	0	0	0	0	0	1	5	2	1	7
Alphaproteobacteria_03_672	0	0	4	5	5	0	23	0	7	3	0	2	5	0	0	3	6	1	7	2	15	0	0	0	4	2	1	0	0	0	0	0	0	0	0	0	0	0	0
Alphaproteobacteria_03_695	24	4	4	6	0	26	0	0	27	0	1	1	0	6	20	45	1	2	0	4	12	1	0	0	1	8	55	0	1	0	0	0	0	0	0	0	0	0	0
Alphaproteobacteria_03_700	0	0	0	0	2	76	5	19	5	2	0	8	11	78	9	63	0	0	0	0	0	0	0	0	0	0	0	0	0	0	0	0	0	0	0	0	0	0	0
Alphaproteobacteria_03_717	0	0	0	4	9	1	24	0	3	6	0	4	8	0	0	0	0	3	1	0	0	0	0	0	0	0	0	0	0	0	0	0	0	0	0	0	0	0	0
Alphaproteobacteria_03_722	1	6	0	0	0	0	0	6	0	0	4	0	0	0	0	0	0	0	0	0	0	0	0	0	4	2	0	14	23	0	0	0	0	0	0	0	0	0	0
Alphaproteobacteria_03_728	0	0	0	0	6	1	13	0	1	21	0	6	19	0	0	0	0	0	0	0	0	0	0	0	0	0	0	0	0	0	0	0	0	0	0	0	0	0	0
Alphaproteobacteria_03_732	0	0	0	0	0	0	0	0	0	0	0	0	0	0	0	0	3	0	0	0	0	71	114	4	13	0	0	23	34	0	0	0	0	0	0	0	0	0	0
Alphaproteobacteria_03_739	0	5	0	0	0	0	0	0	0	0	0	3	0	3	0	0	0	0	0	0	0	14	20	0	0	0	0	0	0	0	0	0	11	11	1	8	0	4	0
Alphaproteobacteria_03_747	9	1	3	3	1	0	4	2	0	2	3	3	1	1	0	0	0	1	0	0	11	0	0	0	8	0	5	0	4	0	0	0	0	0	0	0	3	2	2
Alphaproteobacteria_03_761	0	32	0	0	0	0	0	7	5	0	8	2	0	0	0	0	0	0	0	0	0	1	1	19	4	0	0	19	36	0	0	0	0	1	2	0	0	0	0
Alphaproteobacteria_03_769	19	3	35	12	0	12	0	4	0	0	0	0	0	6	2	0	13	22	12	13	54	0	0	0	0	0	22	0	0	0	0	0	0	0	0	0	0	0	0
Alphaproteobacteria_03_774	0	0	0	0	0	0	0	0	0	0	0	0	0	0	0	0	0	0	0	0	0	0	12	0	6	0	0	2	0	0	0	0	24	0	5	9	10	8	2
Alphaproteobacteria_03_775	7	0	13	1	0	5	0	4	0	0	0	0	0	0	0	0	0	0	0	0	0	0	0	0	0	17	0	0	9	0	0	0	20	0	4	3	3	1	3
Alphaproteobacteria_03_809	0	0	0	0	11	0	0	0	0	1	0	0	0	0	0	0	0	0	0	0	0	66	0	0	0	0	0	0	0	0	0	0	0	0	0	0	0	0	0
Alphaproteobacteria_03_841	0	0	0	22	30	0	0	0	0	0	0	0	0	0	0	0	3	1	4	2	2	0	0	0	0	0	0	0	0	0	0	0	0	0	0	0	0	0	0
Alphaproteobacteria_03_884	0	9	0	0	0	0	0	0	0	0	0	3	0	0	0	0	0	0	0	0	0	2	5	7	10	0	0	18	0	0	0	0	4	2	5	0	1	1	1
Alphaproteobacteria_03_885	0	0	0	12	4	0	17	1	6	18	0	7	32	0	2	0	2	12	6	6	0	0	0	0	0	4	0	0	0	0	0	0	0	0	0	0	0	0	0
Alphaproteobacteria_03_912	1	5	0	0	0	0	0	0	0	0	1	1	0	0	0	0	0	0	0	0	0	0	0	0	3	0	0	1	17	0	0	0	13	0	11	4	14	2	7
Alphaproteobacteria_03_925	0	0	0	0	0	0	0	0	0	0	0	0	0	0	0	0	0	0	0	0	0	33	83	11	49	1	0	13	17	0	0	0	0	0	0	0	0	0	0
Alphaproteobacteria_03_932	0	5	0	0	0	0	3	1	1	2	2	1	4	0	0	1	7	0	3	2	3	2	0	0	3	0	0	2	8	0	0	0	0	3	1	0	0	0	0
Alphaproteobacteria_03_943	0	6	0	0	0	0	0	0	0	0	0	1	0	0	0	0	0	0	0	0	0	6	9	6	5	0	0	2	4	0	0	0	2	2	6	2	3	5	1
Alphaproteobacteria_03_981	0	10	0	0	0	0	0	0	0	0	0	3	0	0	0	0	0	0	0	0	0	0	3	10	7	0	0	12	0	0	0	0	1	0	3	5	1	4	0
Alphaproteobacteria_03_992	0	2	0	0	0	0	0	0	0	0	0	0	0	1	0	0	0	0	0	0	0	5	3	0	1	0	0	1	1	0	0	0	19	14	14	5	13	2	7
Alphaproteobacteria_03_997	0	0	0	0	0	0	0	0	0	0	0	1	0	0	0	0	0	0	0	0	0	2	2	0	0	0	0	0	0	0	0	0	38	5	13	3	17	6	2
Alphaproteobacteria_03_1026	0	0	0	0	0	0	0	0	0	0	0	0	0	0	0	0	6	0	0	0	0	4	2	3	20	0	0	7	11	0	0	0	0	0	0	0	0	0	0
Alphaproteobacteria_03_1080	4	0	1	1	0	0	3	0	0	0	0	0	10	1	0	0	7	9	8	13	13	0	0	0	0	0	0	0	0	0	0	0	0	0	0	0	0	0	0
Alphaproteobacteria_03_1087	6	0	10	2	0	6	0	5	41	0	0	2	0	3	4	10	0	0	0	0	0	0	0	0	0	7	2	0	1	0	0	0	0	0	0	0	0	0	1
Alphaproteobacteria_03_1089	0	0	0	0	0	0	0	0	0	0	0	0	0	0	0	0	0	0	0	0	0	38	15	25	16	1	5	60	82	0	0	0	0	0	0	0	0	0	0
Alphaproteobacteria_03_1230	0	5	0	0	0	0	0	0	0	0	5	8	0	0	0	0	0	0	0	0	0	2	4	2	7	0	0	2	15	0	0	0	0	2	5	0	1	0	0
Alphaproteobacteria_03_1237	0	3	0	0	0	0	0	0	0	0	2	2	0	0	0	0	0	0	0	0	0	0	23	2	9	0	0	7	1	0	0	0	15	1	0	9	0	6	0
Alphaproteobacteria_03_1256	0	0	0	0	0	0	0	0	0	0	0	0	0	0	0	0	0	0	0	0	0	0	0	0	0	0	0	0	0	4	18	33	0	0	0	0	0	0	1
Alphaproteobacteria_03_1291	0	0	0	1	0	0	0	17	35	0	0	0	0	0	1	0	0	0	0	0	0	0	0	0	0	0	0	0	1	0	0	0	0	0	0	0	0	0	0
Alphaproteobacteria_03_1310	7	0	6	11	0	4	0	0	2	0	0	0	2	3	0	3	0	1	4	6	4	0	0	0	0	1	8	0	2	0	0	0	0	0	0	0	0	0	0
Alphaproteobacteria_03_1404	0	5	1	0	0	0	0	1	0	0	5	3	0	0	0	0	0	0	0	0	0	0	0	9	11	1	0	3	19	0	0	0	0	0	9	0	0	0	3
Alphaproteobacteria_03_1494	0	0	0	1	1	0	6	0	3	5	0	5	3	0	0	1	0	3	18	5	1	0	0	0	0	0	2	0	0	0	0	0	0	0	0	0	0	0	0
Alphaproteobacteria_03_2375	0	0	0	0	0	0	0	0	0	0	0	0	0	0	0	0	0	0	0	0	0	26	17	18	0	0	0	4	0	0	0	0	0	0	0	0	0	0	0
Alphaproteobacteria_03_2406	0	0	0	0	0	0	0	0	0	0	0	0	0	0	0	0	0	0	0	0	0	0	0	0	0	0	0	0	0	0	0	0	0	0	26	33	34	30	7
Alphaproteobacteria_03_2680	0	0	0	0	0	21	0	2	0	0	0	3	0	6	1	18	0	0	0	0	0	0	0	0	0	0	0	0	0	0	0	0	0	0	0	0	0	0	0
Alphaproteobacteria_03_2703	0	0	0	0	0	0	0	0	0	0	0	0	0	0	0	0	0	0	0	0	0	26	13	4	9	0	0	1	0	0	0	0	0	0	0	0	0	0	0
Alphaproteobacteria_03_2720	0	0	0	0	0	0	0	0	0	0	0	0	0	0	0	0	0	0	0	0	0	18	6	17	0	0	0	5	5	0	0	0	0	0	0	0	0	0	0
Betaproteobacteria_03_1	1	68	0	3	1	1	1	3	12	2	29	7	6	8	9	4	128	55	447	262	3	3705	3867	2969	1148	115	56	3382	564	0	2	0	2	18	37	179	130	18	54
Betaproteobacteria_03_2	1	3	0	0	1	0	2	0	0	0	0	0	4	0	1	0	6	4	7	4	0	9	7	6	7	0	1	4	6	0	0	0	1	1	1	6	10	0	2
Betaproteobacteria_03_3	0	0	6	1	0	0	0	0	0	1	0	0	0	0	0	0	7	5	17	3	1	36	305	34	71	0	16	8	67	0	0	0	0	6	31	86	71	7	55
Betaproteobacteria_03_6	0	2	0	0	0	0	0	0	0	0	0	0	0	0	1	0	0	0	3	0	0	4	0	7	0	0	0	1	1	0	0	0	0	0	0	30	18	0	0
Betaproteobacteria_03_9	0	1	7	1	0	0	1	1	0	0	5	0	0	0	0	0	0	0	0	0	3	20	15	45	35	2	13	7	27	0	0	0	1	15	32	125	59	9	40
Betaproteobacteria_03_11	57	1	34	39	0	102	1	16	16	0	1	4	1	6	8	42	0	0	0	0	0	1	3	0	0	55	36	0	13	281	585	420	46	8	8	33	30	4	48
Betaproteobacteria_03_12	0	0	0	0	0	0	0	0	0	0	0	0	0	0	0	0	0	0	6	5	0	18	22	12	9	3	5	6	1	0	0	0	0	3	1	17	5	0	4
Betaproteobacteria_03_19	0	10	0	0	0	0	0	0	0	0	1	1	0	0	0	0	13	5	44	18	1	25	27	52	34	3	4	7	2	0	0	0	0	0	9	51	20	1	18
Betaproteobacteria_03_21	0	1	0	0	0	0	0	0	0	1	1	0	1	0	0	0	10	3	14	3	0	14	17	18	25	0	2	12	2	0	0	0	0	1	0	0	0	0	0
Betaproteobacteria_03_23	0	0	0	0	0	0	0	1	1	0	1	0	0	0	0	0	0	2	0	0	0	16	6	5	6	0	0	11	16	0	0	0	0	8	31	105	71	1	15
Betaproteobacteria_03_33	0	0	0	0	0	0	0	0	0	0	0	0	0	0	0	0	0	1	6	0	0	6	4	0	7	0	0	2	0	0	5	0	0	0	10	19	5	1	12
Betaproteobacteria_03_38	0	0	0	0	0	0	0	0	0	0	0	0	0	0	0	0	0	0	4	0	0	31	1	4	73	0	1	0	150	0	2	0	0	0	0	0	1	0	0
Betaproteobacteria_03_58	0	0	1	0	0	0	0	0	0	0	5	0	1	1	1	0	2	1	9	2	1	4	8	6	0	0	0	3	0	0	0	0	0	0	2	6	0	0	2
Betaproteobacteria_03_73	0	0	0	0	0	0	0	0	0	0	0	0	0	0	0	0	0	0	0	0	0	0	0	0	0	0	0	0	0	0	0	0	0	2	14	50	41	4	24
Betaproteobacteria_03_81	0	0	0	0	0	0	0	0	0	0	0	0	0	0	0	0	0	0	0	0	0	7	2	4	0	0	0	1	0	0	0	0	0	5	16	103	52	6	19
Betaproteobacteria_03_89	0	0	0	0	0	0	0	0	0	0	0	0	0	0	0	0	1	0	0	0	0	21	32	23	4	4	0	5	1	0	0	0	0	0	0	11	7	0	6
Betaproteobacteria_03_139	2	0	0	22	165	1	106	0	9	105	0	20	126	0	0	20	0	1	5	0	0	0	0	0	0	0	2	0	0	0	0	0	0	0	0	0	0	0	0
Betaproteobacteria_03_180	0	0	0	0	0	0	0	0	0	0	0	0	0	0	0	0	0	0	0	0	0	21	27	1	7	0	0	0	0	0	0	0	0	0	0	0	0	0	0
Betaproteobacteria_03_197	0	0	0	0	0	0	0	0	0	0	0	0	0	0	0	0	0	0	0	0	0	8	0	1	30	0	0	2	70	0	0	0	0	0	0	0	0	0	0
Betaproteobacteria_03_256	15	0	11	2	0	30	0	0	1	0	0	0	0	2	0	56	1	0	0	0	21	0	0	0	0	1	8	0	0	0	0	0	0	0	0	0	0	0	0
Betaproteobacteria_03_271	0	0	0	0	0	0	0	0	0	0	0	0	0	0	0	0	0	0	0	0	0	70	36	50	176	3	0	45	118	0	0	0	0	1	0	0	0	0	0
Betaproteobacteria_03_280	0	0	6	3	51	0	33	0	11	10	0	0	10	0	0	0	0	0	0	0	0	0	0	0	0	0	0	0	0	0	0	0	0	0	0	0	0	0	0
Betaproteobacteria_03_315	19	4	22	5	0	9	0	0	2	0	0	1	0	0	0	46	0	2	0	0	4	0	0	0	0	4	9	0	0	0	0	0	0	0	0	0	0	0	0
Betaproteobacteria_03_360	0	0	0	0	0	0	0	0	0	0	0	0	0	0	0	0	0	0	0	0	0	4	4	3	10	0	0	3	62	0	0	0	0	0	0	0	0	0	0
Betaproteobacteria_03_575	0	0	0	0	0	0	0	0	0	0	0	0	0	0	0	0	0	0	0	0	0	0	0	57	0	0	0	0	0	0	0	0	0	0	0	0	0	0	0
Gammaproteobacteria_03_1	0	17	1	0	0	0	0	0	0	0	1	1	0	0	1	3	8	0	13	9	0	11	13	21	18	2	2	11	4	0	0	0	0	5	1	0	3	0	0
Gammaproteobacteria_03_2	2	10	1	3	2	0	2	1	0	2	1	1	0	5	0	1	6	0	4	13	0	41	50	31	12	2	17	36	3	0	0	0	3	6	1	1	1	1	2
Gammaproteobacteria_03_3	0	36	1	61	28	0	48	20	23	5	2	31	22	0	3	2	1	21	19	4	196	1935	3833	428	672	31	78	243	133	0	0	0	2	24	2	2	0	1	0
Gammaproteobacteria_03_4	0	82	26	9	0	0	1	3	2	2	1	1	1	2	0	1	7	0	241	2	0	46	34	18	23	4	10	32	193	0	10	0	2	10	31	106	78	4	38
Gammaproteobacteria_03_5	0	0	0	0	0	0	0	0	0	0	0	0	0	0	0	0	0	0	0	0	0	4	4	1	0	1	0	0	0	0	0	0	0	4	1	29	6	2	2
Gammaproteobacteria_03_7	80	137	57	75	199	45	46	119	49	29	204	86	45	28	78	85	72	43	63	61	116	65	61	141	330	159	90	220	37	909	1809	545	1004	39	748	333	525	460	585
Gammaproteobacteria_03_8	219	379	61	46	34	315	56	172	97	49	282	75	32	42	9	10	973	369	183	654	977	144	49	7	30	1	407	583	133	271	83	27	8	1	1	1	2	34	40
Gammaproteobacteria_03_9	9	2	10	7	0	2	0	1	22	0	0	0	0	0	2	8	3	3	5	1	3	0	0	0	0	4	11	0	0	213	212	623	7	0	2	3	0	0	1
Gammaproteobacteria_03_10	1	28	2	6	1	0	0	129	140	0	19	9	0	1	16	2	0	0	0	0	0	1	6	21	43	4	0	34	24	0	0	0	34	7	77	4	8	8	14
Gammaproteobacteria_03_11	1	6	1	3	1	2	0	1	1	1	2	1	1	1	0	0	17	13	2	31	20	5	9	1	8	0	44	18	6	0	3	1	1	0	0	0	2	0	3
Gammaproteobacteria_03_12	0	29	12	4	0	0	1	13	5	0	54	1	0	11	4	0	0	0	0	0	0	3	4	18	19	2	0	24	1	7	0	10	4	5	25	27	32	2	17
Gammaproteobacteria_03_13	0	0	11	8	5	39	4	10	8	2	12	8	0	18	6	4	13	16	3	7	20	16	20	11	26	1	23	53	23	2	0	0	0	5	21	138	87	7	32
Gammaproteobacteria_03_15	28	256	30	19	61	367	157	392	119	203	673	272	272	1434	184	68	766	619	30	1775	303	2386	862	237	354	79	102	1032	640	71	51	3	0	0	0	0	0	1	0
Gammaproteobacteria_03_16	0	0	0	0	0	1	0	0	0	0	0	0	0	2	0	0	1	0	0	0	0	1	0	0	0	0	0	0	0	0	0	0	0	51	2	0	0	1	2
Gammaproteobacteria_03_17	0	0	0	0	1	0	0	2	0	0	0	4	0	0	0	0	0	0	0	6	0	0	0	1	0	0	0	0	0	1067	1216	671	7	10	17	42	4	7	59
Gammaproteobacteria_03_19	0	0	0	0	0	0	0	0	0	1	0	0	0	354	0	0	0	0	0	0	0	47	0	0	0	0	0	0	0	0	1	2	0	607	2	0	3	1	0
Gammaproteobacteria_03_20	0	2	0	0	0	6	0	2	1	1	17	14	3	10	0	27	4	1	0	1	3	43	123	13	19	0	3	22	38	1	0	0	0	0	7	71	36	6	17
Gammaproteobacteria_03_21	11	15	0	2	1	1	0	2	2	0	1	12	1	4	0	1	17	1	1	4	1	0	0	4	0	1	0	0	1	3	3	0	1	2	24	43	41	7	21
Gammaproteobacteria_03_23	0	9	2	0	0	0	0	0	0	0	0	0	0	0	0	0	1	1	5	0	0	14	28	5	17	0	1	9	52	0	0	0	0	0	0	0	0	0	1
Gammaproteobacteria_03_24	1168	26	815	915	505	1055	749	40	2198	995	15	633	874	128	340	132	526	540	1192	455	997	20	0	2	10	665	932	2	18	32	20	30	0	0	0	1	0	0	5
Gammaproteobacteria_03_25	418	2	247	510	72	104	529	6	1132	708	8	375	458	20	12	7	523	587	744	380	877	1	0	0	5	23	326	0	1	5	2	6	0	0	0	0	0	0	0
Gammaproteobacteria_03_26	0	18	0	19	58	0	38	41	29	12	1	51	107	3	18	1	1	0	12	11	9	438	889	64	142	6	15	71	54	0	0	1	1	2	18	34	29	4	22
Gammaproteobacteria_03_27	0	2	0	1	0	0	0	0	1	0	0	0	0	0	0	0	0	0	0	0	0	102	31	18	19	1	8	3	50	0	1	0	0	4	15	120	43	11	32
Gammaproteobacteria_03_28	99	0	64	12	0	132	0	1	2	3	0	5	0	16	0	0	4	9	17	3	0	3	0	0	0	52	1	1	0	0	0	0	0	1	0	32	0	0	57
Gammaproteobacteria_03_29	1	167	0	0	0	0	0	1	1	0	86	118	0	62	0	0	0	0	0	0	0	293	120	182	208	4	0	128	165	0	0	0	458	677	152	162	34	223	24
Gammaproteobacteria_03_30	0	0	0	1	0	0	0	0	0	0	0	0	0	0	0	0	0	0	0	0	0	0	0	0	0	0	0	0	0	1309	734	948	14	0	23	60	43	6	30
Gammaproteobacteria_03_31	0	0	0	0	0	1	0	1	0	0	0	0	0	0	0	0	1	0	0	0	1	3	0	0	0	0	53	0	0	0	0	0	0	0	0	0	0	0	0
Gammaproteobacteria_03_32	0	8	1	10	0	207	2	14	12	5	427	428	4	263	13	847	12	4	10	10	26	94	464	31	137	4	33	37	85	10	2	0	0	11	5	3	5	4	11
Gammaproteobacteria_03_34	0	0	0	0	0	0	0	0	0	0	0	0	0	0	0	0	0	0	0	0	0	0	0	0	0	0	0	0	0	1371	1439	1766	1	0	1	25	0	0	2
Gammaproteobacteria_03_35	4	2	10	3	1	5	5	2	19	7	0	0	1	0	4	12	1	1	0	0	4	1	2	0	3	5	5	8	6	0	0	0	0	6	1	0	0	1	1
Gammaproteobacteria_03_36	6	1	4	1	0	1	4	0	5	3	0	3	1	0	1	0	3	0	0	2	4	3	7	0	0	5	6	0	16	2	1	1	30	57	7	6	4	19	15
Gammaproteobacteria_03_38	0	0	1	10	15	48	8	14	10	25	126	25	21	42	7	6	175	205	34	566	584	324	567	56	748	17	763	1304	622	3	14	0	0	0	0	0	0	0	0
Gammaproteobacteria_03_40	2	65	13	11	9	60	12	51	16	37	193	63	16	118	16	5	276	262	31	576	894	113	161	39	133	5	291	735	542	37	75	8	0	0	0	0	0	1	0
Gammaproteobacteria_03_41	152	0	28	230	0	55	1	5	13	2	1	27	0	3	1	3	4	1	14	0	75	1	0	0	0	21	135	0	0	0	0	0	0	0	0	0	0	3	1
Gammaproteobacteria_03_44	261	31	213	260	90	411	208	63	768	191	26	111	166	44	94	856	60	64	93	29	210	50	11	11	35	306	398	46	111	7	30	109	54	25	40	25	11	26	58
Gammaproteobacteria_03_45	8	334	10	1	0	1	0	63	16	0	271	90	0	26	5	0	0	0	0	0	0	126	136	140	290	17	0	193	424	0	0	0	475	83	651	312	165	398	102
Gammaproteobacteria_03_46	17	1	13	24	25	10	36	3	2	76	2	46	103	1	1	16	25	65	59	63	39	0	0	0	4	6	8	2	3	0	0	1	1	3	5	2	3	1	2
Gammaproteobacteria_03_47	290	1	241	275	4	300	3	43	394	1	7	23	0	49	212	11	266	135	187	78	578	2	0	0	6	351	247	5	29	16	18	14	68	0	1	2	3	3	33
Gammaproteobacteria_03_48	0	165	2	0	0	0	0	10	0	0	47	32	0	14	0	0	0	0	0	0	0	112	102	189	201	1	0	112	156	0	0	0	248	118	313	131	149	179	107
Gammaproteobacteria_03_49	1	0	0	0	0	0	0	0	0	0	0	0	0	0	0	0	0	0	0	0	0	0	0	0	0	0	0	0	0	1	0	0	5	80	4	0	3	3	3
Gammaproteobacteria_03_50	1	0	1	0	0	0	0	0	0	0	0	0	0	0	0	0	0	0	0	0	0	0	0	0	0	0	0	0	0	416	893	463	1	0	12	31	10	6	150
Gammaproteobacteria_03_51	0	1	0	2	0	2	3	17	0	0	13	4	0	18	0	15	17	1	1	5	8	451	79	82	62	6	459	37	16	0	0	0	0	0	0	0	0	0	0
Gammaproteobacteria_03_55	4	69	22	1	0	0	0	160	13	0	145	10	0	1	3	0	0	0	0	0	0	0	12	31	66	24	0	33	310	0	0	0	499	7	401	141	123	252	137
Gammaproteobacteria_03_56	62	96	22	23	1	2	2	7	13	2	41	5	2	2	0	0	34	31	3	33	54	60	10	1	14	2	210	240	43	59	23	8	0	0	0	0	0	3	2
Gammaproteobacteria_03_58	143	7	178	156	15	54	177	3	244	174	2	42	223	12	8	13	166	66	89	95	186	36	0	1	0	56	180	3	5	11	64	20	0	129	0	0	5	0	3
Gammaproteobacteria_03_66	28	2	101	91	930	4	81	2	312	39	0	24	20	1	15	3	1	97	62	59	1	0	0	0	0	23	6	0	3	0	0	0	0	0	0	0	0	0	0
Gammaproteobacteria_03_68	1	0	1	4	0	0	0	0	0	3	0	1	0	2	0	0	0	2	0	0	0	1	1	0	4	0	21	0	2	0	0	0	6	0	2	5	4	2	1
Gammaproteobacteria_03_69	41	2	65	147	208	82	576	2	427	535	1	149	410	6	19	62	76	10	11	22	45	6	0	0	5	61	135	0	1	0	0	0	0	0	0	0	0	0	0
Gammaproteobacteria_03_70	107	76	17	3	1	14	0	4	3	2	2	10	0	1	1	0	3	1	1	0	2	4	0	2	3	0	1	0	1	70	98	19	0	0	6	0	0	0	0
Gammaproteobacteria_03_71	0	22	0	1	0	0	0	2	0	0	10	0	0	1	0	0	0	0	0	0	0	3	5	8	5	0	0	14	48	0	0	0	13	11	3	20	18	17	9
Gammaproteobacteria_03_74	156	7	65	243	39	253	209	6	62	267	4	159	231	10	7	37	376	854	470	391	113	1	3	0	2	47	98	2	1	0	0	0	0	0	0	0	0	0	0
Gammaproteobacteria_03_75	54	4	61	128	191	88	137	5	89	92	14	61	131	19	16	352	63	80	65	76	74	1	6	0	8	9	24	0	3	1	1	0	9	2	6	13	10	4	4
Gammaproteobacteria_03_76	353	7	306	184	4	129	17	8	18	17	0	35	4	27	5	16	286	79	95	50	321	2	2	6	0	166	118	0	5	0	0	0	0	0	0	0	0	4	10
Gammaproteobacteria_03_77	0	0	0	0	0	0	0	10	0	0	2	4	0	6	2	0	0	3	0	0	0	0	0	12	0	1	1350	0	0	0	0	0	0	0	0	0	0	0	0
Gammaproteobacteria_03_79	6	28	5	9	3	11	4	6	5	1	6	10	1	21	1	14	12	5	5	5	6	98	13	415	5	0	123	1	11	0	0	0	16	0	0	0	0	0	0
Gammaproteobacteria_03_80	0	81	0	0	0	0	0	3	0	0	28	35	0	0	0	0	0	0	0	0	0	18	22	54	87	0	0	47	88	0	0	0	41	9	70	27	19	59	10
Gammaproteobacteria_03_82	0	0	1	0	0	0	0	2	1	0	0	0	0	7	1	1	1	2	1	21	17	12	80	3	30	2	1860	7	5	0	0	0	0	0	0	0	0	0	0
Gammaproteobacteria_03_84	2	0	0	0	0	59	0	1	0	0	1	0	0	48	0	5	0	0	0	0	0	0	0	0	0	0	0	0	7	45	98	19	2	1	5	6	1	3	3
Gammaproteobacteria_03_85	24	0	21	1	0	0	0	1	0	0	0	0	0	1	0	0	0	0	0	0	0	0	0	2	10	7	0	0	0	46	91	113	361	2	149	21	164	74	260
Gammaproteobacteria_03_89	2	0	0	0	0	0	1	9	13	0	10	142	6	38	6	1	0	0	0	0	0	1	4	0	2	1	1	1	0	37	8	6	4	1	0	0	0	0	0
Gammaproteobacteria_03_94	11	2	0	11	1	15	2	0	12	2	8	20	0	6	8	3	67	6	0	19	38	22	0	0	0	0	0	189	17	295	70	51	8	0	0	0	0	6	0
Gammaproteobacteria_03_96	1	0	0	0	0	1	0	0	0	1	0	0	1	1	0	0	32	0	0	1	2	3	3	0	4	0	0	49	24	0	0	0	0	16	0	10	6	0	4
Gammaproteobacteria_03_98	0	1	0	3	0	0	0	0	0	0	0	0	0	0	0	0	0	0	0	0	0	78	43	41	69	6	3	74	156	0	0	0	0	0	0	0	0	0	0
Gammaproteobacteria_03_100	1	0	5	12	30	1	17	0	2	41	0	23	15	0	0	0	59	120	132	82	58	0	0	0	0	0	4	0	0	0	0	0	0	0	0	0	0	0	0
Gammaproteobacteria_03_101	258	6	89	138	270	148	299	1	191	301	1	124	627	19	2	6	578	818	728	536	1155	5	1	6	0	8	616	0	1	0	0	0	0	0	0	0	0	0	0
Gammaproteobacteria_03_102	0	0	0	0	0	0	0	0	0	0	0	0	0	0	0	0	0	0	0	0	0	3	28	0	29	0	0	4	2	0	0	0	0	0	0	0	0	0	0
Gammaproteobacteria_03_104	5	0	10	4	1	21	1	0	8	5	0	0	3	2	0	1	0	0	0	0	0	0	0	0	0	2	2	0	1	15	56	4	0	1	0	0	0	0	0
Gammaproteobacteria_03_107	0	15	0	0	0	0	0	0	0	0	3	2	0	22	0	0	0	0	0	0	0	1	0	0	0	0	0	0	0	49	38	14	0	32	2	0	1	3	0
Gammaproteobacteria_03_108	0	164	0	0	0	0	0	0	0	0	24	21	0	1	0	0	0	0	0	0	0	39	66	164	170	0	0	94	94	0	0	0	33	18	61	59	18	75	1
Gammaproteobacteria_03_109	0	2	0	4	2	149	7	51	10	66	333	402	10	218	8	253	0	3	5	0	22	0	15	1	13	0	11	4	4	16	20	7	0	0	0	0	0	0	0
Gammaproteobacteria_03_110	47	78	9	0	0	0	0	8	0	0	46	40	0	1	0	0	0	0	0	0	0	0	15	27	54	0	0	30	20	1	0	0	164	0	128	60	101	122	13
Gammaproteobacteria_03_114	95	0	191	77	0	1	1	17	254	2	0	7	0	4	46	0	0	0	0	0	0	0	0	0	0	223	8	0	49	0	0	0	0	3	0	0	0	0	10
Gammaproteobacteria_03_115	0	0	0	0	0	10	0	0	0	0	6	0	0	20	0	124	0	0	0	0	0	0	0	0	0	0	0	0	0	0	0	2	0	0	0	0	0	0	0
Gammaproteobacteria_03_119	0	5	18	58	0	2	58	0	0	6	0	2	21	1	0	0	1232	474	660	366	137	2	0	0	0	0	34	0	0	1	0	0	0	0	0	0	0	0	0
Gammaproteobacteria_03_127	0	0	0	0	0	0	0	0	0	0	0	0	0	0	0	0	0	0	0	0	0	0	0	0	0	0	0	0	0	63	235	56	0	0	0	2	6	0	0
Gammaproteobacteria_03_129	0	4	1	7	6	51	4	20	19	27	84	43	0	40	4	51	0	0	0	1	2	0	17	0	11	2	5	12	7	185	242	10	0	0	1	0	0	0	2
Gammaproteobacteria_03_131	3	29	0	0	0	0	0	2	0	0	7	6	0	5	0	0	0	0	0	0	0	49	61	19	33	1	0	36	63	0	0	0	124	35	43	86	60	61	47
Gammaproteobacteria_03_133	0	0	0	0	0	0	0	0	0	0	0	0	0	0	0	0	0	0	0	0	0	0	0	0	0	0	0	0	0	79	154	95	0	0	0	0	0	0	0
Gammaproteobacteria_03_134	22	1	105	30	0	0	0	159	298	0	10	7	0	4	138	1	0	0	0	0	0	0	0	0	0	121	0	0	28	0	0	0	0	0	0	0	0	0	2
Gammaproteobacteria_03_135	5	66	0	0	0	0	0	0	1	0	0	1	0	4	0	0	0	0	0	0	0	3	0	0	0	0	0	0	0	0	0	0	0	7	0	0	0	0	0
Gammaproteobacteria_03_137	224	3	153	167	9	16	8	23	99	0	2	7	1	3	24	2	0	1	0	0	1	0	0	0	0	9	7	0	11	11	30	4	1	0	0	0	0	1	2
Gammaproteobacteria_03_139	0	2	2	170	236	2	174	2	108	102	2	36	89	0	7	0	3	14	6	2	0	0	0	0	0	0	0	0	0	0	0	0	0	0	0	0	0	0	0
Gammaproteobacteria_03_140	2	8	0	0	0	0	0	0	0	0	0	2	0	0	0	0	0	0	0	0	0	26	2	0	0	5	0	0	11	0	0	0	29	37	2	3	5	6	2
Gammaproteobacteria_03_141	2	0	2	2	0	0	0	1	0	0	0	0	0	1	0	0	0	0	0	0	0	5	0	0	0	1	0	0	0	23	39	13	30	2	4	1	2	5	14
Gammaproteobacteria_03_143	2	2	5	154	18	193	63	2	406	52	0	26	35	12	38	37	0	2	0	0	1	0	0	0	0	39	0	0	0	0	0	0	0	0	0	0	0	0	0
Gammaproteobacteria_03_145	0	0	0	0	0	0	0	0	0	0	0	0	0	0	0	0	1	0	8	0	0	215	283	113	17	0	0	200	19	0	0	0	0	0	0	0	0	0	0
Gammaproteobacteria_03_146	0	3	0	1	1	4	0	14	2	1	2	32	2	91	6	0	12	6	1	6	20	1	0	0	0	0	0	0	1	0	0	0	0	0	0	0	0	0	0
Gammaproteobacteria_03_147	85	6	69	53	0	305	4	17	142	0	9	1	1	20	22	237	111	108	132	74	133	5	0	11	2	152	110	6	16	33	187	114	23	11	20	5	12	7	19
Gammaproteobacteria_03_149	0	10	0	0	0	0	0	0	1	0	1	7	0	0	0	0	0	0	0	0	0	5	3	3	16	0	0	5	5	0	0	0	11	12	6	3	2	8	0
Gammaproteobacteria_03_155	1	2	14	45	11	0	147	0	41	174	0	74	141	1	0	0	506	1126	169	454	70	0	0	0	0	0	22	0	0	0	0	0	0	0	0	0	0	0	0
Gammaproteobacteria_03_156	12	0	29	8	0	1	0	14	42	1	0	0	0	0	11	1	0	1	0	0	1	2	0	0	0	12	0	0	0	0	0	0	0	4	0	0	0	0	0
Gammaproteobacteria_03_157	0	0	0	1	0	62	0	4	1	1	9	1	0	14	1	9	1	15	1	46	8	0	0	0	0	0	1	0	0	0	0	0	0	0	0	0	0	22	2
Gammaproteobacteria_03_170	0	0	0	0	0	6	0	0	0	3	0	0	0	3	0	0	3	1	0	0	4	0	0	0	0	0	0	0	0	2	0	1	67	2	0	0	0	0	0
Gammaproteobacteria_03_175	1	3	0	15	4	0	30	0	3	15	7	3	16	0	0	0	0	1	0	0	0	1	0	0	0	0	0	0	0	0	0	0	19	0	17	0	4	4	1
Gammaproteobacteria_03_182	0	0	0	0	0	0	0	0	0	0	0	0	0	0	0	0	25	11	0	20	10	0	0	0	0	0	0	0	0	0	0	0	0	0	0	0	0	0	0
Gammaproteobacteria_03_187	0	4	0	0	0	1	0	0	0	0	0	1	0	0	0	0	0	0	0	0	0	0	0	7	0	0	0	13	19	28	33	11	0	0	5	0	39	3	5
Gammaproteobacteria_03_188	29	2	36	34	1	0	1	13	28	0	16	2	1	2	0	0	1	1	0	0	2	1	0	1	6	7	1	3	10	3	1	0	0	0	1	0	4	0	0
Gammaproteobacteria_03_201	0	0	0	0	0	0	0	0	0	0	0	0	0	4	0	0	1	3	0	0	0	3	4	4	0	0	0	0	0	0	4	0	2	13	1	0	8	3	2
Gammaproteobacteria_03_202	0	0	1	4	5	89	4	15	7	35	31	27	4	32	0	93	0	0	0	8	0	26	22	1	39	0	6	22	10	54	65	4	0	2	0	0	0	5	4
Gammaproteobacteria_03_204	1	11	17	0	0	0	0	4	0	0	11	5	0	2	0	0	0	0	0	0	0	2	7	12	28	3	0	9	4	0	0	0	136	1	112	55	125	53	33
Gammaproteobacteria_03_206	13	3	11	14	4	4	0	1	4	0	10	1	0	2	0	3	2	3	1	0	1	1	0	4	4	20	1	0	8	0	0	0	0	0	11	5	0	1	75
Gammaproteobacteria_03_210	0	26	12	9	4	0	14	3	11	2	1	1	13	0	0	0	14	14	7	5	11	6	2	11	3	0	0	4	9	2	1	0	8	6	6	9	1	2	1
Gammaproteobacteria_03_213	0	15	13	20	5	0	0	1	1	0	5	1	7	1	0	7	1	2	3	0	1	13	8	4	3	0	0	6	14	0	0	0	17	3	10	1	4	7	6
Gammaproteobacteria_03_218	0	0	0	0	0	0	0	0	0	0	0	0	0	0	0	0	3	7	0	0	1	4	0	0	0	0	414	0	0	0	0	0	0	0	0	0	0	0	0
Gammaproteobacteria_03_221	0	29	0	0	0	0	0	0	0	0	1	1	0	0	0	0	0	0	0	0	0	0	5	13	15	1	0	6	48	0	0	0	14	0	16	9	3	14	8
Gammaproteobacteria_03_246	25	1	13	23	27	5	58	1	13	52	0	10	53	3	0	0	47	28	19	13	28	0	0	0	1	0	4	0	0	0	0	0	0	0	0	0	0	0	0
Gammaproteobacteria_03_249	0	0	0	0	0	0	0	0	0	0	0	0	0	0	0	0	0	0	0	0	0	0	0	0	0	0	0	0	0	0	0	0	0	1	3	12	47	0	1
Gammaproteobacteria_03_253	0	0	0	3	13	3	38	0	35	65	1	35	31	0	0	0	0	21	8	2	0	0	0	0	0	0	0	0	0	0	0	0	0	0	0	0	0	0	0
Gammaproteobacteria_03_255	0	1	0	4	2	1	121	0	7	61	1	14	25	0	0	1	9	18	45	8	0	0	0	0	0	0	0	0	0	0	0	0	0	0	0	0	0	0	0
Gammaproteobacteria_03_263	2	0	0	0	0	0	0	0	0	0	0	0	0	0	0	0	0	0	0	0	0	0	0	0	0	0	0	0	0	0	0	0	3	2	40	3	31	13	91
Gammaproteobacteria_03_269	0	23	0	0	0	0	0	0	0	0	5	3	0	0	0	0	0	0	0	0	0	0	6	2	9	0	0	4	2	0	0	0	0	0	8	2	0	1	1
Gammaproteobacteria_03_270	0	22	0	0	0	0	0	0	0	0	1	1	0	1	0	0	0	0	0	0	0	6	8	17	5	0	0	3	0	0	0	0	15	14	2	14	6	23	0
Gammaproteobacteria_03_272	0	1	0	2	0	3	1	11	0	2	108	38	1	118	3	4	1	0	0	0	0	0	38	17	4	0	0	148	30	2	4	1	0	0	0	0	0	0	0
Gammaproteobacteria_03_273	0	0	0	2	0	60	0	2	8	2	11	2	0	11	2	14	0	0	0	6	0	0	0	0	0	0	17	0	0	0	0	0	0	0	0	0	0	9	0
Gammaproteobacteria_03_276	0	0	0	0	0	0	0	0	0	0	0	0	0	4	0	0	0	0	0	0	0	17	9	0	0	0	0	0	0	0	0	0	41	1	0	23	0	3	0
Gammaproteobacteria_03_283	0	5	10	4	0	0	0	64	16	0	10	0	0	0	5	0	0	0	0	0	0	0	0	0	1	13	0	2	47	0	0	0	0	0	1	0	0	0	0
Gammaproteobacteria_03_295	39	0	30	0	0	0	0	1	0	0	0	3	0	1	0	0	282	331	92	202	293	4	0	0	0	0	44	0	0	0	0	0	0	0	0	0	0	0	0
Gammaproteobacteria_03_300	2	0	1	6	18	4	6	1	2	4	1	2	4	2	2	0	0	3	0	4	0	2	0	0	0	0	0	0	0	0	0	0	2	0	11	0	4	3	0
Gammaproteobacteria_03_304	108	1	21	0	0	3	0	0	0	2	0	0	0	0	0	0	0	0	0	0	0	0	0	0	0	1	0	0	0	0	0	0	0	0	0	0	0	0	0
Gammaproteobacteria_03_310	0	0	0	0	0	0	0	0	0	0	0	0	0	0	0	0	0	0	0	0	0	0	0	0	0	0	169	0	0	0	0	0	0	1	0	0	0	1	0
Gammaproteobacteria_03_322	0	0	0	0	0	0	0	0	0	0	0	0	0	0	0	0	0	0	0	0	0	0	0	0	0	0	0	0	0	0	0	69	0	2	0	0	0	0	0
Gammaproteobacteria_03_338	0	0	0	0	0	3	0	0	0	0	0	1	0	1	0	1	0	1	0	0	0	312	0	0	0	0	0	0	0	0	0	0	0	0	0	0	0	0	0
Gammaproteobacteria_03_342	1	1	6	7	133	0	12	5	3	1	11	2	5	2	1	0	3	2	5	2	0	0	0	0	0	1	0	0	2	0	0	0	0	0	0	0	0	0	0
Gammaproteobacteria_03_343	0	0	0	0	0	0	0	0	0	0	0	1	0	0	0	0	0	0	0	0	0	0	0	0	0	0	0	1	0	0	0	0	169	1	18	9	22	8	7
Gammaproteobacteria_03_344	0	24	0	0	0	0	0	4	0	0	7	1	0	0	0	0	0	0	0	0	0	0	6	24	30	0	0	10	35	0	0	0	1	0	17	2	2	4	0
Gammaproteobacteria_03_348	2	0	1	0	0	0	0	0	0	0	0	0	0	0	0	0	0	0	0	0	0	0	0	0	0	0	0	0	0	0	0	0	0	5	21	66	62	10	21
Gammaproteobacteria_03_365	51	0	12	24	0	4	5	10	40	4	0	6	15	0	9	0	2	0	7	0	7	0	0	0	0	13	12	0	0	0	0	0	0	0	0	0	0	0	0
Gammaproteobacteria_03_370	0	0	1	0	2	1	61	0	0	40	0	31	79	0	1	0	3	28	39	22	0	0	0	0	0	0	0	0	0	0	0	0	0	0	0	0	0	0	0
Gammaproteobacteria_03_372	173	4	69	0	0	229	0	4	0	0	0	12	0	23	0	0	2	0	0	1	7	0	0	0	2	61	53	0	0	0	0	0	0	0	0	0	0	0	0
Gammaproteobacteria_03_404	0	0	0	0	0	0	0	0	0	0	0	0	0	0	0	0	0	0	0	0	0	65	3	4	0	0	0	0	1	0	0	0	0	0	0	0	0	0	0
Gammaproteobacteria_03_412	0	0	0	0	0	0	0	0	0	0	0	0	0	9	0	2	0	0	0	0	0	0	0	0	0	0	0	0	0	0	73	0	1	13	4	0	4	0	0
Gammaproteobacteria_03_416	26	0	47	7	0	53	0	0	12	0	0	1	0	6	53	18	0	0	0	0	0	0	0	0	0	179	1	0	4	0	0	0	0	0	0	0	0	0	0
Gammaproteobacteria_03_424	0	0	0	0	0	1	0	0	3	0	3	0	0	0	0	0	3	3	0	11	3	0	0	0	0	0	42	9	4	0	0	0	0	0	0	0	0	0	0
Gammaproteobacteria_03_432	0	0	0	0	0	0	0	0	0	0	0	0	0	0	0	0	0	0	0	0	0	60	14	5	0	0	0	0	0	0	0	0	0	0	0	0	0	0	0
Gammaproteobacteria_03_433	0	0	0	0	0	0	0	0	0	0	2	0	0	0	0	0	0	0	0	0	0	0	0	0	0	0	0	0	0	0	0	0	0	61	10	0	0	2	0
Gammaproteobacteria_03_436	135	0	59	2	0	2	0	28	47	0	10	8	0	3	29	0	0	0	0	0	0	0	0	0	0	20	0	0	7	0	0	0	0	0	0	0	10	0	7
Gammaproteobacteria_03_441	0	0	0	0	0	0	0	0	0	0	0	0	0	0	0	0	36	416	257	115	0	0	0	0	0	0	0	0	0	0	0	0	0	0	0	0	0	0	0
Gammaproteobacteria_03_463	12	3	8	2	2	1	1	1	25	0	1	0	0	0	0	3	1	1	2	0	0	0	1	0	0	1	0	0	5	0	0	0	3	2	0	0	0	3	3
Gammaproteobacteria_03_467	20	0	2	3	0	3	0	1	0	0	0	1	0	0	2	0	0	0	0	0	0	0	0	0	0	11	0	0	3	0	0	0	3	0	0	0	2	0	5
Gammaproteobacteria_03_468	0	0	0	0	0	0	0	0	0	0	0	0	0	0	0	0	0	0	0	0	0	0	0	0	0	0	0	0	0	47	173	20	0	0	0	0	0	0	0
Gammaproteobacteria_03_480	0	0	0	0	8	0	21	0	5	25	0	7	38	0	0	0	0	0	0	0	0	0	0	0	0	0	0	0	0	0	0	0	0	0	0	0	0	0	0
Gammaproteobacteria_03_488	0	2	7	13	0	0	0	50	22	0	8	3	0	0	6	0	0	0	0	0	0	0	0	0	3	13	0	1	6	0	0	0	0	0	0	0	0	0	0
Gammaproteobacteria_03_495	1	0	0	1	0	0	0	0	0	0	0	0	0	0	0	0	0	0	0	0	0	0	0	0	0	0	0	0	0	7	10	26	1	0	22	1	7	7	44
Gammaproteobacteria_03_507	2	0	8	3	1	0	14	0	9	8	0	9	5	0	0	11	2	2	1	3	11	0	0	0	0	0	20	0	0	0	0	0	0	0	0	0	0	1	0
Gammaproteobacteria_03_509	0	6	3	0	10	1	9	0	0	1	4	1	3	0	0	1	0	0	0	0	0	0	0	0	2	0	0	2	0	0	0	0	1	0	0	2	4	1	0
Gammaproteobacteria_03_532	0	6	2	0	0	0	0	8	0	0	23	0	0	0	0	0	0	0	0	0	0	0	1	0	13	0	0	5	4	0	0	0	0	0	8	0	0	0	0
Gammaproteobacteria_03_543	0	0	0	0	0	0	0	0	0	0	0	0	0	0	0	0	0	0	0	0	0	0	0	0	0	0	75	0	0	0	0	0	0	0	0	0	0	0	0
Gammaproteobacteria_03_547	1	0	0	2	0	0	0	5	3	0	2	0	0	0	0	0	0	0	0	0	0	0	0	0	0	1	0	0	2	30	12	0	0	0	9	0	0	0	0
Gammaproteobacteria_03_557	0	0	0	0	0	0	0	0	0	0	0	0	0	0	0	0	0	0	0	0	0	0	0	0	0	0	0	0	0	0	1	0	52	0	2	4	11	6	1
Gammaproteobacteria_03_562	0	0	0	0	0	0	0	0	0	0	0	0	0	0	0	0	224	31	16	234	10	0	0	0	0	0	0	0	0	0	0	0	0	0	0	0	0	0	0
Gammaproteobacteria_03_570	0	0	0	83	0	0	0	0	5	0	0	0	0	0	1	0	0	0	0	0	0	0	0	0	0	1	0	0	3	0	0	0	0	0	0	0	0	0	0
Gammaproteobacteria_03_604	0	0	0	0	0	0	0	0	0	0	0	1	0	49	0	0	0	0	0	0	0	0	0	0	0	0	0	0	0	0	0	0	0	73	0	0	0	0	0
Gammaproteobacteria_03_606	0	1	0	0	0	0	0	0	0	0	0	0	0	0	0	0	0	0	0	0	0	0	0	0	9	0	0	2	0	0	0	2	35	0	59	6	27	15	41
Gammaproteobacteria_03_622	0	0	0	0	0	0	0	0	0	0	0	0	0	45	0	0	0	0	0	0	0	14	0	0	0	0	0	0	0	0	0	0	0	6	0	0	0	0	0
Gammaproteobacteria_03_639	0	1	0	0	3	0	8	1	0	6	2	13	10	2	0	0	0	0	10	0	2	0	0	0	0	0	9	0	0	0	0	0	0	0	0	0	0	0	0
Gammaproteobacteria_03_687	0	0	0	0	0	0	0	0	0	0	0	0	0	0	0	0	0	0	0	0	0	14	20	1	17	0	0	48	13	0	0	0	0	0	0	0	0	0	0
Gammaproteobacteria_03_730	0	0	0	2	1	0	14	0	1	16	0	11	4	0	0	21	0	1	0	0	0	0	0	0	0	0	0	0	0	0	0	0	0	0	0	0	3	0	0
Gammaproteobacteria_03_774	0	0	0	0	0	0	0	0	0	0	0	1	0	0	0	0	0	0	0	0	0	0	0	0	0	0	0	0	55	0	0	0	0	0	0	0	0	0	0
Gammaproteobacteria_03_790	0	4	5	2	5	1	10	0	5	1	2	1	2	2	0	0	0	0	0	0	0	2	0	0	0	0	0	1	0	0	0	0	8	0	2	5	7	7	0
Gammaproteobacteria_03_815	0	0	0	0	85	0	0	0	0	0	0	0	0	0	0	0	0	0	0	0	0	0	0	0	0	0	0	0	0	0	0	0	0	0	0	0	0	0	0
Gammaproteobacteria_03_838	2	1	10	2	0	2	0	1	0	0	0	0	0	0	0	0	0	0	0	0	0	0	3	17	3	2	0	0	0	0	0	0	3	0	6	0	2	4	0
Gammaproteobacteria_03_910	0	0	0	0	0	0	0	0	0	0	0	0	0	0	0	0	0	0	0	4	0	3	0	0	0	4	0	128	71	1	0	0	0	0	0	0	0	0	0
Gammaproteobacteria_03_919	3	0	8	1	4	5	17	2	7	6	0	3	10	0	0	1	0	2	3	4	0	0	0	0	0	1	0	4	2	0	0	0	0	1	0	0	1	1	0
Gammaproteobacteria_03_1083	0	7	0	0	0	0	0	0	0	0	2	0	0	0	0	0	0	0	0	0	0	0	0	0	0	0	53	0	0	0	1	0	0	0	0	0	0	0	0
Gammaproteobacteria_03_1086	0	2	0	0	0	0	0	0	0	0	0	0	0	0	0	0	0	0	0	0	0	0	0	1	8	0	0	7	0	0	0	0	10	0	11	2	6	4	1
Gammaproteobacteria_03_1323	12	0	7	0	0	12	0	0	2	0	0	1	0	1	0	22	0	0	0	0	0	0	0	0	0	0	0	0	0	0	0	0	0	0	0	0	0	0	0
Gammaproteobacteria_03_1658	0	2	0	0	0	68	0	0	0	0	0	0	0	2	0	0	0	0	0	0	0	0	0	0	0	0	0	0	0	0	0	0	0	0	0	0	0	0	0
Deltaproteobacteria_03_1	96	1077	172	17	2	0	0	303	405	0	204	405	0	270	642	1	0	0	3	0	0	1091	1430	1210	1263	189	1	787	449	85	153	141	4980	351	2075	2142	1832	2219	1050
Deltaproteobacteria_03_3	115	14	231	217	319	4	357	37	516	145	21	61	188	10	76	9	2	22	15	13	1	1	0	1	17	36	19	8	95	0	0	0	0	1	6	0	0	3	3
Deltaproteobacteria_03_4	0	165	0	0	0	3	0	16	0	0	52	80	0	0	1	0	0	0	0	0	0	4	48	192	274	0	0	129	2	0	0	0	504	5	405	122	107	158	50
Deltaproteobacteria_03_7	13	353	87	18	0	0	0	291	189	0	230	6	0	4	32	0	0	0	0	0	0	4	0	201	429	93	0	263	1178	0	0	0	0	0	70	0	0	0	9
Deltaproteobacteria_03_36	17	1	13	100	33	3	23	1	8	4	0	6	8	1	0	1	3	85	45	18	8	0	0	0	0	0	2	0	0	0	0	0	0	0	0	0	0	0	0
Deltaproteobacteria_03_45	2	1	3	0	0	0	0	5	0	0	0	0	0	0	0	0	0	0	0	0	0	0	0	0	0	0	0	0	0	3	0	2	0	0	14	11	27	4	43
Deltaproteobacteria_03_47	83	0	43	15	0	2	1	0	1	0	0	13	0	2	0	4	1	12	10	9	4	1	0	0	0	1	5	0	0	0	0	0	0	0	0	0	0	0	0
Deltaproteobacteria_03_51	0	0	0	0	0	0	0	0	0	0	0	0	0	0	0	0	0	0	0	0	0	58	0	0	0	0	0	0	0	0	0	0	0	0	0	0	0	0	0
Deltaproteobacteria_03_57	0	0	0	0	0	0	0	0	0	0	1	0	0	16	0	0	0	0	0	0	0	48	0	0	0	0	0	0	0	0	0	0	0	23	0	0	0	0	0
Deltaproteobacteria_03_83	0	0	0	0	0	0	0	0	0	0	0	0	0	0	0	0	0	0	0	0	0	0	0	0	0	0	0	0	0	8	4	2	43	0	14	5	48	6	14
Deltaproteobacteria_03_87	10	10	42	20	2	0	11	4	27	1	2	2	8	4	0	0	0	0	0	0	0	3	4	5	6	0	0	6	29	0	0	0	17	8	15	4	0	8	5
Deltaproteobacteria_03_104	0	8	0	0	0	0	0	0	0	0	0	5	0	0	0	0	0	0	0	0	0	20	30	28	11	0	0	3	1	0	0	0	131	8	27	56	46	55	14
Deltaproteobacteria_03_113	0	10	0	0	0	0	0	0	0	0	0	2	0	5	0	0	0	0	0	0	0	4	11	20	3	0	0	1	0	0	0	0	1	10	1	5	2	0	1
Deltaproteobacteria_03_116	29	0	79	17	0	0	1	6	73	3	1	3	0	4	5	0	0	0	0	0	0	0	0	0	0	32	0	0	51	0	0	0	0	0	0	0	0	0	0
Deltaproteobacteria_03_127	4	55	2	3	0	0	0	4	0	0	24	0	0	1	0	0	0	0	0	0	0	0	0	4	71	8	0	41	137	0	0	0	1	0	62	0	18	10	111
Deltaproteobacteria_03_129	0	4	0	0	0	0	0	0	0	0	2	5	0	19	0	0	0	0	0	0	0	67	30	5	3	0	0	5	0	0	0	0	30	115	5	20	10	21	0
Deltaproteobacteria_03_132	10	1	19	21	3	6	1	1	38	1	0	1	0	0	8	0	0	0	0	0	0	0	3	0	4	12	0	0	5	0	0	0	4	1	11	0	1	2	1
Deltaproteobacteria_03_136	0	13	0	0	0	0	0	0	0	0	0	0	0	0	0	0	0	0	0	0	0	3	19	12	17	0	0	3	12	0	0	0	2	3	3	13	0	8	0
Deltaproteobacteria_03_138	0	24	0	0	0	0	0	4	0	0	20	7	0	0	0	0	0	0	0	0	0	0	0	12	46	0	0	29	0	0	0	0	0	0	27	0	1	0	3
Deltaproteobacteria_03_147	3	13	1	0	0	0	0	26	0	0	19	9	0	0	0	0	0	0	0	0	0	14	1	35	38	4	0	19	42	0	0	0	2	0	35	7	13	4	30
Deltaproteobacteria_03_151	0	0	0	0	0	0	0	0	0	0	0	0	0	9	0	0	0	0	0	0	0	26	20	0	1	0	0	0	0	0	0	0	66	46	1	20	4	26	0
Deltaproteobacteria_03_173	14	4	9	16	4	8	3	2	11	5	1	1	9	1	0	0	4	28	7	14	5	1	3	0	6	29	0	2	4	0	0	0	2	9	1	1	0	7	1
Deltaproteobacteria_03_194	2	0	2	2	0	1	0	0	0	0	0	0	0	0	0	0	0	0	0	0	0	0	0	0	0	3	0	0	0	0	0	0	0	28	0	0	4	1	9
Deltaproteobacteria_03_200	0	4	0	0	0	0	0	0	0	0	0	2	0	7	0	0	0	0	0	0	0	28	11	27	11	0	0	5	0	0	0	0	0	21	5	10	1	4	1
Deltaproteobacteria_03_213	0	0	0	0	0	0	0	7	0	0	3	0	0	0	0	0	0	0	0	0	0	0	0	0	0	0	0	0	0	0	0	1	5	2	6	4	4	4	38
Deltaproteobacteria_03_217	0	9	0	0	0	0	0	3	0	0	0	2	0	1	0	0	0	0	0	0	0	1	9	3	4	0	0	1	4	0	0	0	11	3	3	10	6	8	6
Deltaproteobacteria_03_231	3	0	5	5	0	0	0	22	1	0	0	1	0	0	0	0	0	0	0	0	0	0	0	0	0	7	0	0	7	0	0	0	0	1	0	0	0	0	7
Deltaproteobacteria_03_235	0	0	2	13	14	0	96	0	1	36	0	12	80	0	0	0	0	1	0	0	0	0	0	0	0	0	0	0	0	0	0	0	0	0	0	0	0	0	0
Deltaproteobacteria_03_243	1	2	18	12	3	1	30	2	19	6	2	2	106	2	0	0	49	23	21	15	0	1	0	5	9	16	0	1	4	0	0	0	4	4	1	0	9	0	8
Deltaproteobacteria_03_255	0	0	4	7	0	0	14	1	15	9	0	2	19	0	0	0	0	0	0	0	0	0	0	0	0	0	0	0	0	0	0	0	0	0	0	0	0	0	0
Deltaproteobacteria_03_307	1	0	1	0	0	1	27	0	18	3	0	1	10	0	0	0	0	1	0	2	1	0	0	0	0	1	3	0	0	0	0	0	0	0	0	0	0	0	0
Deltaproteobacteria_03_334	3	2	11	9	0	0	0	22	0	0	6	0	0	0	0	0	0	0	0	0	0	0	0	3	2	19	0	0	112	0	0	0	0	0	0	0	0	0	2
Deltaproteobacteria_03_337	0	0	0	4	12	0	19	0	0	4	0	12	9	0	0	0	0	1	0	0	0	0	0	0	0	0	0	0	0	0	0	0	0	0	0	0	0	0	0
Deltaproteobacteria_03_351	3	0	8	3	4	3	33	0	28	8	2	2	40	0	0	0	0	0	0	0	0	0	0	3	3	1	0	0	0	0	0	0	4	1	0	2	2	1	1
Deltaproteobacteria_03_357	6	1	39	4	0	0	0	3	2	0	2	3	1	0	0	0	0	0	0	0	0	5	2	0	0	1	0	2	3	0	0	0	0	5	1	3	0	1	2
Deltaproteobacteria_03_364	4	0	3	5	0	0	18	0	2	10	0	9	38	0	0	0	8	7	18	7	1	0	0	0	0	0	0	0	2	0	0	0	0	0	0	0	0	0	0
Deltaproteobacteria_03_368	4	0	0	5	2	4	1	0	11	2	0	0	2	2	0	0	1	112	7	11	16	0	0	0	0	6	0	0	0	0	0	0	0	0	0	0	0	0	0
Deltaproteobacteria_03_374	26	1	15	6	4	1	6	1	3	1	0	5	0	2	0	8	0	0	0	1	0	0	0	0	0	0	3	0	0	0	0	0	0	0	0	0	0	0	0
Deltaproteobacteria_03_408	4	2	9	12	5	2	0	2	1	0	1	0	0	0	0	0	0	0	0	0	0	1	1	0	0	16	0	0	14	0	0	0	2	4	3	4	2	1	2
Deltaproteobacteria_03_439	5	0	2	3	1	1	4	0	4	0	0	0	4	0	0	0	3	0	0	1	2	0	0	0	0	1	0	0	7	0	0	0	3	0	7	0	0	0	2
Deltaproteobacteria_03_450	4	0	10	8	0	0	0	1	0	0	0	0	0	1	2	0	0	0	0	0	0	4	0	0	6	0	0	3	3	0	0	0	5	1	2	3	0	3	0
Deltaproteobacteria_03_465	4	0	5	13	0	9	0	1	17	0	0	0	0	0	1	9	0	0	0	0	3	0	0	0	0	2	4	0	11	0	0	0	0	0	0	0	0	0	0
Deltaproteobacteria_03_496	0	23	0	0	0	0	0	3	0	0	9	1	0	0	0	0	0	0	0	0	0	0	0	7	49	0	0	15	65	0	0	0	0	0	3	0	0	0	0
Deltaproteobacteria_03_607	0	0	0	0	0	0	0	0	0	0	0	1	0	0	0	0	0	0	0	0	0	30	5	0	0	0	0	0	0	0	0	0	0	9	0	6	0	4	0
Deltaproteobacteria_03_664	10	0	45	0	4	0	1	1	9	0	1	1	0	0	0	0	0	0	0	0	0	0	0	2	0	0	0	1	3	0	0	0	0	0	7	0	0	0	0
Deltaproteobacteria_03_673	0	0	0	1	0	0	0	33	4	0	1	0	0	0	0	0	0	0	0	0	0	0	0	0	0	0	0	0	16	0	0	0	0	0	0	0	0	0	0
Deltaproteobacteria_03_687	1	0	2	1	4	0	26	0	8	4	0	0	13	0	0	0	0	10	3	6	3	0	0	0	0	0	0	0	0	0	0	0	0	0	0	0	0	0	0
Deltaproteobacteria_03_743	1	0	3	3	0	0	0	0	12	0	0	0	0	0	1	0	5	7	5	12	14	0	0	0	0	0	1	0	0	0	0	0	0	0	0	0	0	0	0
Deltaproteobacteria_03_827	0	0	0	1	0	0	0	0	11	0	0	0	0	0	0	0	0	3	0	0	50	0	0	0	0	0	15	0	0	0	0	0	0	0	0	0	0	0	0
Deltaproteobacteria_03_1352	0	0	0	0	0	0	9	0	0	6	0	0	23	0	0	0	0	17	51	1	2	0	0	0	0	0	0	0	0	0	0	0	0	0	0	0	0	0	0
Epsilonproteobacteria_03_53	0	1	1	1	0	0	0	1	0	0	16	2	0	0	0	0	0	0	0	0	0	10	21	17	10	1	0	2	3	0	0	0	21	17	6	2	12	26	1
Spirochaetes_03_12	20	0	12	15	3	9	20	0	13	1	0	2	1	0	0	0	0	0	0	0	0	0	0	0	0	0	1	0	0	0	0	0	0	0	0	0	0	0	0
TA06_03_4	0	1	0	0	0	0	0	0	0	0	8	1	0	0	0	0	0	0	0	0	0	0	0	0	3	0	0	1	0	0	0	0	3	1	10	2	23	15	5
Verrucomicrobia_03_3	193	19	99	41	1	33	0	14	33	2	13	18	1	50	59	39	0	0	0	0	0	132	71	30	36	117	0	8	25	1	1	2	323	720	203	113	102	132	84
Verrucomicrobia_03_5	82	3	221	50	7	42	1	1	0	2	0	4	0	4	0	13	1	0	0	1	24	3	0	0	0	5	13	0	0	5	1	0	0	0	0	1	1	0	0
Verrucomicrobia_03_6	0	44	0	1	0	0	0	1	0	0	12	6	0	0	0	0	0	0	0	0	0	5	19	73	114	2	0	71	121	0	0	0	0	0	34	0	0	0	0
Verrucomicrobia_03_8	2	1	10	36	119	33	39	2	79	71	0	24	27	3	3	2	168	272	312	131	366	0	0	0	5	9	128	2	0	0	0	0	0	2	0	0	0	1	0
Verrucomicrobia_03_9	3	0	5	121	363	20	52	1	6	17	0	15	35	1	1	4	23	71	64	40	245	0	0	0	0	4	29	0	2	6	0	0	0	0	1	0	0	0	1
Verrucomicrobia_03_16	201	6	283	127	67	82	32	5	48	10	0	9	4	8	22	75	0	0	0	0	0	0	0	0	0	43	3	0	0	0	0	0	0	0	0	0	0	0	0
Verrucomicrobia_03_17	0	17	0	0	0	0	0	0	0	0	3	10	0	10	0	0	0	0	0	0	0	55	18	6	19	0	0	11	2	0	0	0	45	217	75	26	9	21	0
Verrucomicrobia_03_18	5	1	16	52	9	22	16	4	36	0	5	5	4	1	4	3	4	19	50	23	35	0	0	4	6	19	20	1	1	0	0	0	15	13	10	4	3	5	4
Verrucomicrobia_03_21	0	0	0	52	0	0	2	0	0	0	0	0	0	0	0	0	0	0	0	0	0	0	0	0	0	0	0	0	0	0	0	0	0	1	0	0	0	0	0
Verrucomicrobia_03_29	34	7	36	48	1	19	0	0	2	0	23	3	0	6	1	14	0	0	0	0	0	6	1	0	2	1	0	2	12	0	0	0	8	28	54	9	13	10	15
Verrucomicrobia_03_30	1	8	3	0	0	0	0	2	0	0	3	3	0	2	0	0	0	0	0	0	0	18	15	13	23	0	0	3	3	0	0	0	102	145	29	59	34	48	53
Verrucomicrobia_03_33	0	4	0	198	179	10	10	0	0	3	1	3	1	0	0	1	0	0	0	0	0	0	0	0	0	0	0	0	0	0	0	0	0	0	2	0	0	0	0
Verrucomicrobia_03_35	5	1	78	120	14	11	16	1	74	2	0	0	1	4	1	1	0	0	0	0	0	0	0	0	0	10	0	0	0	0	0	0	0	0	0	0	0	0	0
Verrucomicrobia_03_39	33	1	43	11	1	0	0	1	0	0	0	1	0	0	0	0	0	0	0	0	0	0	0	0	0	0	0	0	0	0	0	0	0	0	0	0	0	0	0
Verrucomicrobia_03_40	1	0	6	89	837	2	12	2	19	5	0	3	21	0	1	2	156	89	156	73	235	0	0	1	3	3	61	5	0	0	0	0	0	0	0	0	0	0	0
Verrucomicrobia_03_42	42	6	100	84	0	8	2	0	0	0	0	1	0	0	0	6	1	1	0	1	5	0	0	0	0	0	0	0	0	0	0	0	0	0	0	0	0	0	0
Verrucomicrobia_03_43	0	0	0	32	1306	1	15	1	1	0	0	4	2	0	0	0	0	0	0	0	0	0	0	0	0	0	0	0	0	0	0	0	0	0	0	0	0	0	0
Verrucomicrobia_03_44	0	0	1	0	21	0	0	0	0	2	0	3	0	0	0	0	0	0	0	0	0	0	0	0	0	2	0	0	0	2	19	0	0	4	0	0	0	0	0
Verrucomicrobia_03_45	0	0	8	5	0	3	0	0	1	0	0	1	0	1	0	0	0	0	0	0	0	0	0	0	0	0	0	0	0	0	0	0	35	20	8	0	4	8	8
Verrucomicrobia_03_53	1	0	0	2	0	21	0	0	5	2	0	0	0	8	0	0	18	7	5	0	92	6	0	0	0	0	47	0	0	0	0	0	0	0	0	0	0	0	0
Verrucomicrobia_03_59	0	7	0	0	0	0	0	1	0	0	16	3	0	0	0	0	0	0	0	0	0	1	1	3	16	0	0	12	18	0	0	0	16	5	11	0	3	5	4
Verrucomicrobia_03_61	4	1	4	102	0	12	0	0	1	0	0	0	0	1	0	1	0	0	0	0	0	0	0	0	0	2	0	0	0	0	0	0	0	0	0	0	0	0	0
Verrucomicrobia_03_68	10	0	23	62	89	1	4	0	22	0	2	1	1	4	0	0	0	0	0	0	0	0	0	0	0	0	0	0	0	0	0	0	0	0	0	0	0	0	0
Verrucomicrobia_03_70	5	2	15	25	0	2	0	5	15	0	0	1	0	0	3	0	0	0	0	0	0	0	0	0	0	10	0	0	0	0	0	0	0	0	0	0	0	0	0
Verrucomicrobia_03_85	0	0	1	1	0	0	0	1	0	0	4	2	0	0	0	0	0	0	0	0	0	0	5	6	15	0	0	1	2	0	0	0	4	1	19	15	1	5	10
Verrucomicrobia_03_90	0	0	0	7	102	0	5	0	0	1	0	0	0	0	0	0	0	0	0	0	0	0	0	0	0	0	0	0	0	0	0	0	0	0	0	0	0	0	0
Verrucomicrobia_03_93	0	2	0	0	0	0	0	0	0	0	2	5	0	1	0	0	0	0	0	0	0	8	5	6	10	0	0	2	0	0	0	0	5	35	21	0	3	7	8
Verrucomicrobia_03_104	0	6	0	0	0	0	0	0	0	0	0	0	0	0	0	0	0	0	0	0	0	5	12	1	15	0	0	7	0	0	0	0	5	2	2	0	7	3	0
Verrucomicrobia_03_113	0	1	0	0	0	0	0	0	0	0	5	0	0	0	0	0	0	0	0	0	0	0	0	2	8	0	0	0	0	0	0	0	8	0	53	1	9	5	2
Verrucomicrobia_03_155	0	0	0	0	0	0	0	0	0	0	0	0	0	13	0	0	0	0	0	0	0	10	0	0	0	0	0	0	0	0	0	0	0	116	0	1	0	5	0
Verrucomicrobia_03_178	1	1	5	1	0	0	0	1	0	0	5	0	0	0	0	0	0	0	0	0	0	0	0	0	2	0	0	0	0	0	0	0	12	1	4	3	21	1	12
Verrucomicrobia_03_317	0	0	0	0	0	0	0	0	0	0	0	0	0	0	0	0	2	21	43	13	0	0	0	0	0	0	0	0	0	0	0	0	0	0	0	0	0	0	0
Verrucomicrobia_03_337	70	2	33	0	0	13	0	0	0	0	0	0	0	0	0	0	0	0	0	0	0	0	0	0	0	0	0	0	0	0	0	0	0	0	0	0	0	0	0
Verrucomicrobia_03_548	0	0	0	58	0	0	0	0	0	0	0	0	0	0	0	0	0	0	0	0	0	0	0	0	0	0	0	0	0	0	0	0	0	0	0	0	0	0	0
BacteriaNA_03_3	0	0	0	0	0	0	0	0	0	0	0	0	0	35	0	0	0	0	0	0	0	144	0	0	0	0	0	0	0	0	0	0	0	216	0	0	0	0	0
BacteriaNA_03_11	0	1	2	1	0	1	9	0	17	8	0	8	14	0	0	0	0	1	9	0	0	0	0	0	0	0	3	0	0	0	0	0	0	0	0	0	0	0	0
