Sample,QGS,QGN,QGP,QGCS,QGCN,QGCP,CS,CN,CP,N,E,altitude,te10,AMT,MTWa,MTWe,AP,PWa,PWe,pH,MO,TN,TK,TP,TS,SOC,NH4N,NO3N,AN,RAP,Ca,Cu,Fe,Mg,Mn,Na,Zn
DQS1,1.987123556,10,0.862996795,2.007931747,29,0.596303933,0.140005624,19,0.047549168,40.83833333,111.2467333,1700,17.4,1.5,15.9,15.9,381,245,240,7.13,0.13,0.327,0.361,0.045,0.057,3.713,8.45,6.56,265.3,40.61,1.496,0.01,2.418,0.788,0.059,0.124,0.022
DQS2,1.740782521,7,0.894585252,2.008499735,32,0.579530522,0.634391659,25,0.19708485,40.83298333,111.2469833,1700,17.1,1.5,15.9,15.9,381,245,245,6.93,0.15,0.3,0.476,0.043,0.043,3.562,4.83,11.27,244.9,31.25,0.979,0.01,2.37,0.76,0.058,0.094,0.011
DQS3,1.788992871,7,0.919360471,1.872238978,44,0.494752948,0.129188688,37,0.035777243,40.8326,111.247,1694,17.1,1.5,15.9,15.9,381,245,245,7.09,0.14,0.301,0.404,0.041,0.042,3.623,7.71,9.32,230.3,27.64,0.907,0.01,2.365,0.768,0.052,0.109,0.01
DQS4,1.682784759,8,0.809248409,1.825560974,32,0.526745553,0.201570899,24,0.063425892,40.83181667,111.2473333,1690,16.57,1.5,15.9,15.9,381,245,245,6.81,0.18,0.362,0.318,0.048,0.048,4.419,10.96,17.1,283.7,41.61,0.824,0.01,2.323,1.037,0.058,0.093,0.01
DQS5,1.588961737,9,0.723167651,1.830585615,32,0.528195358,0.404290866,23,0.128940077,40.83083333,111.2478833,1674,20.43,1.5,15.9,15.9,381,245,245,7.47,0.1,0.361,0.374,0.042,0.055,4.149,6.12,9.49,304.1,29.27,0.989,0.014,2.45,1.314,0.049,0.051,0.01
DQS6,1.295066093,8,0.622795143,1.541971492,36,0.430295338,0.126239785,28,0.037884765,40.83046667,111.24795,1661,16.93,1.5,15.9,15.9,381,245,245,7.02,0.13,0.292,0.351,0.043,0.046,3.474,6.38,11.7,226.8,40.93,0.832,0.017,2.451,0.995,0.049,0.072,0.012
DQS7,1.42058279,7,0.730035141,1.643618653,32,0.474248096,0.180147872,25,0.055966083,40.83025,111.2476,1650,19.03,1.5,15.9,15.9,381,245,245,7.04,0.08,0.312,0.38,0.045,0.048,3.652,5.73,4.76,230.1,48.83,0.79,0.016,2.506,1.03,0.05,0.072,0.01
DQS8,1.418439314,7,0.728933612,1.625788581,28,0.487901801,0.13094461,21,0.043009902,40.83095,111.2476167,1666,18.07,1.5,15.9,15.9,381,245,245,7.13,0.1,0.213,0.355,0.032,0.036,2.518,5.17,4.37,170.6,29.63,0.698,0.014,2.571,1.028,0.046,0.051,0.008
DQS9,1.789741957,10,0.777275056,1.869395831,39,0.510267333,0.119161073,29,0.035387765,40.83136667,111.2467,1672,17.5,1.5,15.9,15.9,381,245,245,7.11,0.11,0.322,0.394,0.044,0.047,3.484,7.38,12.5,244,44.04,0.885,0.016,2.54,1.057,0.053,0.098,0.009
DQS10,1.65349033,8,0.795160767,1.763105083,30,0.518377761,0.072792083,22,0.023549364,40.83151667,111.2464,1665,18.17,1.5,15.9,15.9,381,245,245,6.93,0.1,0.315,0.411,0.048,0.052,3.829,8.95,9.23,227.1,47.28,0.837,0.015,2.632,1.09,0.056,0.113,0.011
LYS1,1.369154274,10,0.594616146,2.138979812,40,0.579845408,1.769088382,30,0.520136935,38.71113333,111.9723167,1748,15.18,3.7,16.6,15,493,316,318,6.59,0.21,0.298,0.315,0.053,0.06,3.581,5.63,53.12,248.5,122.3,0.767,0.018,2.253,0.664,0.044,0.107,0.01
LYS2,1.976575104,12,0.795432337,2.714603835,44,0.71735407,2.281118794,32,0.658191754,38.712,111.9721333,1749,15.03,3.7,16.6,15,493,316,318,5.95,0.22,0.388,0.33,0.053,0.077,4.414,7.64,98.67,374.3,78.08,1.105,0.021,2.261,0.653,0.049,0.095,0.013
LYS3,1.70980763,9,0.778166988,2.479682136,33,0.709188266,2.109888643,24,0.663893299,38.69661667,111.9700833,1755,14.3,3.6,16.4,14.8,494,317,318,6.35,0.19,0.275,0.366,0.056,0.064,3.671,5.09,44.34,271.7,123.5,0.852,0.021,2.325,0.688,0.04,0.126,0.01
LYS4,1.781300623,12,0.716848105,2.428945025,35,0.683180657,1.814691325,23,0.57875767,38.71215,111.9721833,1769,15.05,3.7,16.6,15,493,316,318,6.4,0.28,0.435,0.349,0.059,0.083,5.629,6.88,115.6,438.4,70.77,1.051,0.021,2.175,0.671,0.052,0.109,0.01
LYS5,1.692404047,8,0.813874309,2.458064983,40,0.666344621,2.079844351,32,0.600116226,38.7123,111.9723833,1782,13.4,3.7,16.6,15,493,316,318,6.45,0.24,0.324,0.331,0.05,0.067,3.801,6.05,62.22,282.3,93.24,0.842,0.02,2.226,0.663,0.044,0.106,0.01
LYS6,1.505011377,7,0.773422852,2.351611443,33,0.672560091,2.135269071,26,0.655373174,38.71215,111.9728,1781,14.55,3.7,16.6,15,493,316,318,6.12,0.2,0.276,0.363,0.058,0.06,3.423,4.73,33.15,217.7,107.6,0.867,0.022,2.473,0.705,0.052,0.107,0.01
LYS7,1.671925241,8,0.804026085,2.380376517,32,0.686831479,1.887736563,24,0.593991375,38.71235,111.9727333,1794,14.55,3.7,16.6,15,493,316,318,5.6,0.15,0.245,0.378,0.038,0.057,2.976,5.32,16.45,210.7,65.23,0.626,0.017,2.3,0.656,0.034,0.205,0.011
LYS8,1.435243136,8,0.690206051,2.211033067,30,0.650074906,1.853070425,22,0.599496918,38.71268333,111.9722667,1814,14.85,3.7,16.6,15,493,316,318,6.25,0.18,0.221,0.377,0.051,0.059,2.333,5.19,37.62,189.5,47.66,0.834,0.021,2.382,0.685,0.044,0.171,0.01
LYS9,1.585461381,8,0.762445757,2.422969819,32,0.699121308,2.18844419,24,0.688611429,38.71251667,111.97215,1805,15.98,3.7,16.6,15,493,316,318,6.24,0.25,0.297,0.409,0.06,0.064,3.397,6.61,42.99,248.9,72.55,0.809,0.018,2.778,0.738,0.052,0.1,0.01
LYS10,1.605581694,8,0.772121583,2.273771656,32,0.656071819,1.700609076,24,0.535110217,38.71241667,111.97185,1799,14.43,3.7,16.6,15,493,316,318,6.34,0.22,0.322,0.407,0.055,0.066,3.999,6.63,79.34,312.4,79.39,0.877,0.02,2.531,0.723,0.045,0.112,0.01
PQG1,1.865232729,11,0.777862466,2.334744395,19,0.79293353,1.364225222,8,0.656053654,37.85001667,111.4788667,1796,14.43,3.1,15.4,13.9,536,323,333,6.6,0.25,0.311,0.073,0.006,0.015,3.681,14.63,19.23,233.7,18.61,0.338,0.015,0.349,0.114,0.009,0.056,0.01
PQG2,1.784255056,10,0.774892125,2.145128925,19,0.728535704,0.957334157,9,0.435701552,37.85056667,111.47865,1831,14.13,3.1,15.4,13.9,536,323,333,5.62,0.27,0.38,0.146,0.039,0.055,4.603,10.92,24.53,296.7,28.38,1.009,0.019,1.373,0.422,0.056,0.049,0.013
PQG3,1.499915597,10,0.651405067,2.124550655,18,0.735044082,1.464278266,8,0.704168998,37.851,111.4787667,1852,12.55,3.1,15.4,13.9,536,323,333,6.31,0.22,0.222,0.239,0.04,0.041,2.659,13.9,16.5,174.8,43.12,0.71,0.018,2.238,0.675,0.047,0.084,0.007
PQG4,1.515080771,8,0.728599838,2.130776522,21,0.699872169,1.452625518,13,0.56633692,37.8635,111.4643167,1906,13.48,3.1,15.4,13.8,537,323,334,6.44,0.36,0.418,0.224,0.053,0.052,5.184,8.3,36.37,277,56.18,0.761,0.013,1.671,0.561,0.052,0.03,0.008
PQG5,1.48932376,10,0.646805091,1.950988194,19,0.662600994,0.964774557,9,0.439087823,37.86356667,111.46405,1924,13.05,3.1,15.4,13.8,537,323,334,6.46,0.27,0.308,0.226,0.04,0.043,3.718,8.1,24.57,227.3,26.74,0.59,0.011,1.744,0.545,0.047,0.035,0.009
PQG6,1.885578228,14,0.714489301,2.442805956,30,0.718219404,1.647718907,16,0.594288974,37.86346667,111.4637,1924,12.8,3.1,15.4,13.8,537,323,334,5.92,0.31,0.323,0.196,0.048,0.044,4.303,22.78,12.47,244.8,67.04,0.685,0.014,1.887,0.594,0.051,0.038,0.009
PQG7,1.653464868,11,0.689548408,2.132910961,20,0.71198317,1.182260641,9,0.538070006,37.86316667,111.4633667,1913,12.3,3.1,15.4,13.8,537,323,334,6.1,0.31,0.317,0.152,0.048,0.046,4.174,23.12,13.88,258.6,82.46,0.787,0.018,1.631,0.541,0.051,0.046,0.01
PQG8,1.426345712,7,0.732996697,1.937924602,12,0.779878231,1.051539876,5,0.65335846,37.86378333,111.4639667,1934,12.7,3.1,15.4,13.8,537,323,334,6.27,0.33,0.415,0.179,0.05,0.057,5.527,17.15,15.9,304.9,67.52,1.075,0.015,1.564,0.52,0.054,0.041,0.014
PQG9,1.591580119,11,0.663740463,2.171516867,19,0.737497663,1.421847858,8,0.683764284,37.86391667,111.4642333,1934,13.73,3.1,15.4,13.8,537,323,334,6.1,0.28,0.358,0.253,0.054,0.052,4.567,19.61,13.29,247.6,78.03,0.893,0.014,1.752,0.553,0.054,0.072,0.015
PQG10,1.591452811,9,0.724301388,2.210114159,17,0.780073327,1.53789435,8,0.739570851,37.86353333,111.4643833,1863,13.2,3.1,15.4,13.8,537,323,334,6.5,0.33,0.378,0.231,0.052,0.045,4.65,9.63,27.54,237.9,53.93,0.632,0.013,1.752,0.565,0.063,0.069,0.01
HLS1,2.552997471,21,0.838554329,2.791190253,37,0.772986349,1.358033311,16,0.489806981,35.7008,110.0385333,1513,14.55,7.9,19.4,17.9,573,295,320,7.46,0.31,0.404,0.303,0.05,0.079,4.843,10.15,23.43,268.6,22.97,1.618,0.02,2.617,0.87,0.049,0.116,0.01
HLS2,1.835727279,17,0.647931185,2.359212059,29,0.700625124,1.496639116,12,0.602291887,35.70073333,110.0388333,1538,14.15,7.9,19.4,17.9,573,295,320,7.02,0.23,0.258,0.336,0.043,0.068,3.283,7.57,6.15,172.1,54.38,1.029,0.022,3.069,0.997,0.051,0.111,0.013
HLS3,1.811002593,13,0.706057836,2.356141193,26,0.723164942,1.536875888,13,0.599183716,35.70051667,110.03905,1539,15,7.9,19.4,17.9,573,295,320,5.86,0.25,0.23,0.295,0.038,0.052,2.769,8.6,0.7,154.5,84.83,0.682,0.019,2.93,0.909,0.044,0.098,0.011
HLS4,2.062012375,16,0.743713757,2.462788149,27,0.747242127,1.354797192,11,0.564994313,35.70046667,110.0394333,1562,14.28,7.9,19.4,17.9,573,295,320,5.71,0.26,0.255,0.306,0.041,0.054,3.031,13.11,6.09,171.9,91.66,0.67,0.017,2.794,0.84,0.043,0.091,0.01
HLS5,1.97305292,14,0.74763549,2.630060273,28,0.789285371,2.034532474,14,0.770931518,35.70026667,110.0396667,1567,15,7.9,19.4,17.9,573,295,320,7.25,0.27,0.329,0.336,0.052,0.066,3.172,6.49,24.87,224,94.72,1.029,0.019,2.864,0.886,0.048,0.089,0.01
HLS6,2.233775745,18,0.77283337,2.534410916,27,0.768973411,1.226138754,9,0.558039795,35.69986667,110.0400833,1542,13.65,7.8,19.4,17.9,574,295,320,7.37,0.24,0.238,0.331,0.048,0.063,2.767,10.03,9.46,165.1,77.37,1.054,0.019,2.824,0.851,0.042,0.098,0.01
HLS7,2.253682848,17,0.795451163,2.569409766,32,0.741374945,1.291321095,15,0.476845331,35.69971667,110.0401833,1552,14.2,7.8,19.4,17.9,574,295,320,6.08,0.24,0.3,0.302,0.048,0.064,3.39,11.76,5.48,186.2,80.8,0.852,0.02,2.85,0.814,0.047,0.086,0.01
HLS8,2.13477499,20,0.712605398,2.435148707,34,0.690555798,1.126353636,14,0.426801504,35.69936667,110.0404833,1558,14.08,7.8,19.4,17.9,574,295,320,5.88,0.29,0.433,0.353,0.051,0.072,5.028,12.02,16.72,266.2,77.13,0.902,0.02,2.512,0.723,0.049,0.096,0.01
HLS9,2.231082482,15,0.82387043,2.592061027,28,0.777881735,1.404475612,13,0.547564656,35.69915,110.0406667,1549,13.9,7.8,19.4,17.9,574,295,320,6.2,0.28,0.41,0.362,0.05,0.077,5.104,9.11,11.38,244.2,99.2,1.001,0.022,2.533,0.756,0.048,0.146,0.011
HLS10,1.987113359,17,0.701363829,2.353968824,27,0.714224921,1.17813725,10,0.511658507,35.69963333,110.0400333,1520,14.65,7.8,19.4,17.9,574,295,320,6.24,0.32,0.369,0.331,0.047,0.071,4.593,9.99,24.34,307.7,81.76,0.884,0.019,2.663,0.807,0.047,0.101,0.01
LS1,1.626254412,12,0.65445292,2.391998468,28,0.717842636,2.013944076,16,0.726376783,35.42188333,112.0207667,1518,12.3,6.7,18,16.6,704,377,390,6,0.37,0.564,0.22,0.062,0.071,6.557,6.84,44.18,444.3,20.9,0.906,0.023,1.983,0.546,0.069,0.077,0.009
LS2,1.978556199,19,0.67196373,2.730241523,37,0.756107336,2.324069664,18,0.804072922,35.42188333,112.0211333,1550,11.85,6.7,18,16.6,704,377,390,5.77,0.29,0.429,0.192,0.043,0.058,5.457,12.59,25.8,292.9,12.76,0.81,0.028,2.18,0.53,0.052,0.092,0.012
LS3,2.1953186,19,0.745581286,2.725084583,33,0.779373285,1.875074044,14,0.710509023,35.42346667,112.02365,1601,11.53,6.7,18,16.6,704,377,390,5.88,0.34,0.459,0.224,0.052,0.069,5.811,11.69,36.41,346.2,14.64,0.93,0.023,2.364,0.601,0.086,0.129,0.018
LS4,2.105333704,16,0.759338624,2.837359996,36,0.791780383,2.391870075,20,0.798425846,35.42375,112.0237667,1602,11.45,6.7,18,16.6,704,377,390,6.13,0.43,0.69,0.275,0.08,0.096,8.829,7.88,55.59,555.9,19.54,1.219,0.028,2.059,0.559,0.116,0.147,0.01
LS5,2.057088609,14,0.779478561,2.654154576,23,0.846486835,1.938744006,9,0.882360423,35.42378333,112.0234167,1618,11.7,6.7,18,16.6,704,377,390,5.95,0.33,0.497,0.259,0.059,0.08,6.178,13.35,43.29,404.7,17.03,1.331,0.027,2.271,0.586,0.101,0.149,0.021
LS6,2.313794465,23,0.737936129,2.724493884,32,0.786122763,1.636350216,9,0.744735078,35.42456667,112.0232833,1619,11.35,6.7,18,16.6,704,377,390,5.77,0.32,0.43,0.214,0.049,0.064,5.256,14.7,33.8,372.4,15.97,0.89,0.024,2.298,0.586,0.094,0.098,0.01
LS7,1.902327458,13,0.741662775,2.24688238,19,0.763093546,1.02644972,6,0.572872496,35.42465,112.0233,1640,11.28,6.7,18,16.6,704,377,390,5.31,0.26,0.305,0.192,0.034,0.05,4.313,25.32,10.23,239.4,9.31,0.836,0.028,2.247,0.584,0.069,0.144,0.013
LS8,1.820206106,12,0.732504823,2.324162467,20,0.775824491,1.422532685,8,0.684093617,35.42511667,112.0237167,1644,11.13,6.3,17.6,16.2,713,380,393,5.25,0.32,0.353,0.234,0.041,0.066,5.133,24.61,11.29,321.3,13.3,1.192,0.027,2.305,0.625,0.054,0.16,0.027
LS9,2.229146008,16,0.803994473,2.61321041,24,0.82226751,1.471796708,8,0.707784604,35.42496667,112.0239833,1630,11.65,6.7,18,16.6,704,377,390,5.46,0.31,0.357,0.198,0.036,0.055,5.027,25.17,14.4,325.2,15.86,0.812,0.024,2.315,0.618,0.055,0.103,0.014
LS10,2.34163349,20,0.781656462,2.818305027,30,0.828621427,1.862105595,10,0.808702185,35.42475,112.0236333,1625,11.43,6.7,18,16.6,704,377,390,5.81,0.33,0.441,0.204,0.045,0.063,6.052,12.4,34.34,356,16.7,0.869,0.023,2.312,0.572,0.089,0.089,0.011
MH1,2.129432247,20,0.710821947,2.565222434,27,0.778322028,1.527260304,7,0.784856539,35.25725,112.3771667,1369,13.53,9.2,20.8,19.3,683,367,379,6.86,0.36,0.775,0.281,0.08,0.155,10.15,7.76,45.05,460.2,12.13,3.76,0.015,2.665,1.354,0.069,0.11,0.092
MH2,2.04101769,17,0.720389692,2.585354912,27,0.784430485,1.764486851,10,0.766306903,35.25738333,112.3773,1397,13.15,9.2,20.8,19.3,683,367,379,6.82,0.3,0.575,0.232,0.053,0.09,8.324,8.71,37.01,343.7,13.7,1.501,0.018,2.97,0.896,0.077,0.062,0.022
MH3,2.661107531,20,0.888299517,3.096618974,33,0.885631997,2.058099356,13,0.802393759,35.2571,112.3774833,1387,15.08,9.2,20.8,19.3,683,367,379,6.93,0.34,0.664,0.271,0.06,0.104,8.576,8.39,41.04,422.4,15.25,1.93,0.017,2.469,1.183,0.08,0.086,0.013
MH4,2.170133459,14,0.822313875,2.728857834,29,0.810400384,1.936764079,15,0.715187657,35.25676667,112.37775,1390,13.65,9.2,20.8,19.3,683,367,379,6.39,0.29,0.518,0.283,0.042,0.084,7.335,9.25,26.83,310.8,14.04,1.243,0.019,2.944,0.714,0.059,0.133,0.017
MH5,2.300185702,22,0.74414562,2.640869277,29,0.784270052,1.41269392,7,0.725981064,35.25661667,112.3710167,1400,13.08,8.3,19.8,18.4,704,378,389,5.95,0.3,0.445,0.211,0.038,0.105,6.702,12.27,17.85,282.3,11.89,1.953,0.018,2.55,0.631,0.05,0.113,0.059
MH6,2.26999017,20,0.757741334,2.639684545,27,0.800914806,1.46953079,7,0.755189437,35.25666667,112.3774667,1408,13.65,9.2,20.8,19.3,683,367,379,6.1,0.28,0.449,0.181,0.032,0.065,6.416,11.51,24.53,275.2,11.82,0.954,0.016,2.621,0.685,0.057,0.086,0.015
MH7,1.905605337,15,0.703681688,2.640578656,26,0.810466671,2.200982788,11,0.917881116,35.2571,112.37725,1408,13.23,9.2,20.8,19.3,683,367,379,6.8,0.32,0.572,0.229,0.048,0.093,8.307,7.09,33.94,345.3,13.09,1.847,0.016,2.741,1.209,0.074,0.085,0.022
MH8,2.175242654,20,0.726113836,2.736492279,30,0.804567325,1.949449025,10,0.846634954,35.25703333,112.37725,1406,12.88,9.2,20.8,19.3,683,367,379,5.84,0.28,0.431,0.158,0.035,0.061,7.096,13.9,21.54,271.8,14,0.768,0.014,2.54,0.714,0.059,0.045,0.01
MH9,1.957280284,14,0.741658873,2.578472632,25,0.801047562,1.911314824,11,0.797080192,35.25681667,112.3770167,1425,12.23,9.2,20.8,19.3,683,367,379,6.79,0.28,0.408,0.251,0.037,0.09,5.58,6.38,25.88,237.3,10.03,2.039,0.016,2.352,0.934,0.052,0.141,0.049
MH10,1.834760069,14,0.695233123,2.378251435,22,0.769401091,1.555691661,8,0.748129548,35.2568,112.3771167,1444,13.9,9.2,20.8,19.3,683,367,379,6.54,0.25,0.395,0.162,0.033,0.068,5.382,15.69,19.97,244,11.67,1.525,0.015,2.951,1.313,0.058,0.043,0.013
XQL1,2.520069999,20,0.841220032,2.982743216,37,0.826034623,1.998547145,17,0.705399454,34.43143333,110.5032333,1709,12.35,7.6,18.4,17.1,799,371,399,6.45,0.35,0.535,0.412,0.05,0.07,5.771,9.03,39.62,324.9,34.27,0.901,0.017,2.163,0.827,0.074,0.063,0.012
XQL2,2.85600008,26,0.876585468,3.188290131,46,0.832747129,1.943327728,20,0.648698732,34.43176667,110.5026,1741,11.9,7.6,18.4,17.1,799,371,399,6.34,0.38,0.622,0.349,0.064,0.083,7.514,11.64,61.97,405,38.3,1.043,0.018,2.271,0.737,0.07,0.049,0.013
XQL3,2.38758071,19,0.810877972,2.902745032,35,0.816444686,2.023531173,16,0.729834597,34.43185,110.5021667,1750,11.98,7.6,18.4,17.1,799,371,399,6.18,0.37,0.586,0.345,0.061,0.075,6.997,7.59,51.72,435.8,35.46,0.869,0.014,2.132,0.683,0.053,0.038,0.012
XQL4,2.355628753,23,0.751278296,2.901582616,45,0.762237951,2.083947835,22,0.674189328,34.43213333,110.50195,1762,12.38,7.6,18.4,17.1,799,371,399,6.44,0.39,0.571,0.345,0.054,0.071,7.032,8.02,56.85,422.4,33.93,0.892,0.016,2.148,0.719,0.06,0.052,0.009
XQL5,2.510181219,24,0.789848553,2.792470428,32,0.805736648,1.447506342,8,0.696103407,34.4324,110.50145,1779,12.05,7.6,18.4,17.1,799,371,399,6.23,0.42,0.626,0.304,0.049,0.088,8.137,13.5,64.58,499.1,30.9,1.575,0.017,1.99,0.64,0.07,0.09,0.035
XQL6,1.922599816,14,0.728517639,2.374832064,27,0.7205551,1.369754055,13,0.534027719,34.43195,110.5031333,1778,12.03,7.6,18.4,17.1,799,371,399,6.41,0.28,0.358,0.131,0.016,0.028,4.843,20.45,17.57,251.7,25.1,0.692,0.014,1.062,0.418,0.023,0.037,0.016
XQL7,2.205829065,19,0.749150884,2.838501605,35,0.798375168,2.19430418,16,0.79142794,34.43181667,110.50275,1780,12.7,7.6,18.4,17.1,799,371,399,5.91,0.3,0.423,0.069,0.008,0.012,5.398,26.77,19.19,258.3,21.03,0.266,0.013,0.417,0.125,0.008,0.014,0.01
XQL8,2.240911964,19,0.761065853,2.951997665,36,0.823770633,2.464626561,17,0.869905038,34.4322,110.50255,1794,12.45,7.6,18.4,17.1,799,371,399,6,0.35,0.632,0.239,0.053,0.078,8.25,23.67,38.69,446.7,29.1,0.944,0.018,2.314,0.573,0.055,0.038,0.01
XQL9,2.306227578,22,0.74610026,2.767971591,30,0.813822687,1.781917112,8,0.856920994,34.4323,110.5021167,1800,12.25,7.6,18.4,17.1,799,371,399,5.44,0.29,0.443,0.236,0.038,0.059,5.537,26.83,9.56,297.2,25.05,0.865,0.02,2.357,0.579,0.04,0.049,0.014
XQL10,2.496250535,25,0.775503831,2.964214996,38,0.814885165,1.990601414,13,0.776078252,34.43253333,110.5016667,1814,12.55,7.6,18.4,17.1,799,371,399,6.29,0.33,0.669,0.242,0.042,0.083,9.062,18.82,35.1,383.4,20.87,1.228,0.019,1.605,0.513,0.057,0.097,0.019
NZ1,1.713492192,9,0.779843904,1.955183129,13,0.762269681,0.529022498,4,0.381609067,33.50573333,111.96265,1261,15.7,9.2,20.1,18.9,905,437,452,4.72,0.18,0.316,0.135,0.039,0.04,4.867,24.52,0.11,136.2,15.58,0.512,0.01,2.606,0.624,0.032,0.091,0.01
NZ2,1.743461132,10,0.757175549,2.109655415,13,0.822493984,0.932501475,3,0.848799422,33.50595,111.96285,1252,15.73,9.2,20.1,18.9,905,437,452,4.41,0.19,0.292,0.172,0.037,0.046,5.345,14.39,0.2,146,13.76,0.55,0.01,2.516,0.676,0.031,0.097,0.013
NZ3,1.279386692,8,0.615254945,1.866668482,12,0.751202659,1.131689557,4,0.816341456,539.0333333,111.9630667,1238,16.15,9.2,20.1,18.9,905,437,452,4.88,0.27,0.349,0.109,0.037,0.04,5.495,18.11,0.35,201.7,6.75,0.27,0.01,2.78,0.485,0.024,0.01,0.009
NZ4,1.542122247,7,0.792494067,1.870372157,11,0.780005773,0.61732947,4,0.445309082,33.5059,111.9630333,1234,16.13,9.2,20.1,18.9,905,437,452,4.76,0.18,0.271,0.2,0.044,0.038,4.15,11.09,0.35,150.4,14.75,0.431,0.01,2.78,0.697,0.04,0.068,0.009
NZ5,1.647616271,9,0.74986248,2.212788177,15,0.817114903,1.433589482,6,0.800101524,33.50546667,111.9629167,1224,16.15,9.2,20.1,18.9,905,437,452,4.98,0.26,0.654,0.205,0.068,0.08,8.726,21.99,7.3,305.9,17.94,0.87,0.01,2.542,0.607,0.048,0.127,0.013
NZ6,1.097261325,9,0.49938515,1.368021719,10,0.594124283,0,1,0,33.50506667,111.9632167,1235,16.13,9.2,20.1,18.9,905,437,452,4.5,0.23,0.262,0.189,0.027,0.067,5.018,17.14,0.35,160.6,6.17,1.062,0.01,2.92,0.597,0.025,0.109,0.032
NZ7,1.36795158,7,0.702988049,1.741383715,9,0.792537883,0.578705481,2,0.834895527,33.50485,111.9631333,1240,16.05,9.2,20.1,18.9,905,437,452,4.68,0.18,0.188,0.231,0.03,0.044,3.29,11.1,0.2,111.8,5.84,0.78,0.01,2.889,0.784,0.041,0.095,0.019
NZ8,1.331812387,7,0.684416178,1.742628892,10,0.756814112,0.654719395,3,0.595951276,537.7,111.96285,1249,16.03,9.2,20.1,18.9,905,437,452,4.66,0.17,0.257,0.217,0.042,0.045,4.27,11.19,0.35,139.1,20.48,0.589,0.01,2.773,0.852,0.045,0.086,0.018
NZ9,1.4043922,7,0.721714824,1.632418786,9,0.742945807,0.178929452,2,0.258140633,33.5046,111.9627833,1256,16.15,9.2,20.1,18.9,905,437,400,4.66,0.23,0.306,0.174,0.056,0.053,4.607,11.85,0.35,156.8,20.56,0.78,0.01,2.597,0.717,0.036,0.148,0.018
NZ10,1.630061322,7,0.837685811,2.082025335,11,0.868272004,1.076410856,4,0.776466302,33.50463333,111.9626833,1261,16.13,9.2,20.1,18.9,905,437,452,4.61,0.23,0.267,0.222,0.036,0.041,4.162,16.85,0.68,139.9,7.36,0.563,0.01,2.943,0.624,0.03,0.122,0.012
BTM1,1.764552352,12,0.710108105,2.282973161,17,0.805789358,1.410272274,5,0.876251431,33.49608333,111.9387,1415,14.53,8.1,18.7,17.5,948,454,470,4.39,0.26,0.288,0.162,0.027,0.051,3.333,23.94,43.2,240.8,7.39,0.445,0.023,2.584,0.529,0.033,0.109,0.01
BTM2,1.83462141,9,0.834972187,2.308512389,13,0.9000226,1.346751841,4,0.971476101,33.4959,111.9383333,1415,14.6,8.1,18.7,17.5,948,454,470,4.57,0.26,0.322,0.152,0.025,0.054,4.506,36.79,22.04,217.8,6.56,0.458,0.023,2.425,0.5,0.032,0.115,0.01
BTM3,1.817410349,8,0.873989633,2.156542682,11,0.899348152,0.925264842,3,0.842212355,33.49556667,1049.116667,1411,14.85,8.1,18.7,17.5,948,454,470,4.51,0.27,0.308,0.152,0.026,0.055,4.023,33.13,26.95,216.7,6.24,0.511,0.024,2.374,0.508,0.034,0.102,0.011
BTM4,1.861130626,7,0.956431944,2.222667902,10,0.965292405,1.036199948,3,0.94318984,33.49548333,111.9379833,1405,15.13,8.1,18.7,17.5,948,454,470,4.52,0.23,0.284,0.136,0.025,0.048,3.633,26.78,25.05,192.2,6.14,0.323,0.019,2.401,0.53,0.034,0.085,0.01
BTM5,1.698679254,9,0.773102245,2.109980613,12,0.849118663,1.023040825,3,0.931211889,33.49511667,111.9376333,1400,14.93,8.1,18.7,17.5,948,454,470,4.49,0.26,0.328,0.147,0.023,0.052,4.314,21.67,66.81,234.1,6.26,0.42,0.022,2.363,0.556,0.036,0.094,0.01
BTM6,2.009565503,10,0.872743209,2.207273554,12,0.888272223,0.693147152,2,0.999999958,33.49503333,111.9372333,1395,15.08,8.1,18.7,17.5,948,454,470,4.57,0.24,0.323,0.152,0.027,0.056,4.426,37.26,5.95,219.9,5.45,0.46,0.022,2.586,0.574,0.031,0.116,0.01
BTM7,1.45321464,7,0.746804595,1.81442376,9,0.82577984,0.627299494,2,0.905001869,33.49455,111.9366167,1395,15.18,8.1,18.7,17.5,948,454,470,4.5,0.26,0.282,0.135,0.025,0.053,3.977,24.8,39.7,204.6,6.42,0.48,0.024,2.733,0.557,0.027,0.106,0.01
BTM8,1.774392511,8,0.853302426,2.147229877,11,0.895464411,0.983362104,3,0.895094761,33.49396667,111.9359833,1390,15.18,8.1,18.7,17.5,948,454,470,4.7,0.23,0.223,0.149,0.021,0.05,3.45,36.08,3.38,165.5,5.23,0.458,0.023,2.678,0.533,0.024,0.12,0.012
BTM9,1.903508063,9,0.866323854,2.133901181,11,0.889905913,0.685144913,2,0.988455168,33.49396667,111.9359833,1392,15.18,8.1,18.7,17.5,948,454,470,4.81,0.23,0.314,0.194,0.026,0.058,4.91,31.14,17.35,177.7,7.12,0.556,0.023,2.482,0.553,0.033,0.14,0.012
BTM10,1.675450193,7,0.861011077,2.074466879,10,0.900929519,0.962957748,3,0.876521916,33.49338333,111.9356167,1397,15.1,8.1,18.7,17.5,948,454,470,4.57,0.17,0.173,0.174,0.018,0.046,2.571,18.7,0.72,104.7,3.92,0.386,0.021,2.636,0.576,0.026,0.134,0.01
SWD1,3.198846495,46,0.835504338,3.579004427,66,0.854248058,2.429777785,20,0.81107975,32.43101667,110.7495167,1122,14.95,10.9,21.1,20.1,1000,439,459,4.99,0.21,0.194,0.07,0.014,0.021,2.634,37.42,2.18,202.5,6.17,0.276,0.015,1.176,0.136,0.013,0.03,0.01
SWD2,2.804070864,39,0.765394754,3.400019511,64,0.817531881,2.682374301,25,0.83332643,32.43083333,110.7653,1122,14.15,9.9,20.1,19,1041,458,479,5.28,0.25,0.365,0.072,0.031,0.04,4.383,43.79,17.57,369.7,16.81,0.392,0.013,1.062,0.159,0.029,0.014,0.01
SWD3,3.028501351,36,0.845119393,3.47907519,58,0.856821579,2.470680365,22,0.799303278,32.43073333,110.7501167,1117,14.25,9.6,19.7,18.7,1054,462,484,4.95,0.23,0.32,0.124,0.031,0.06,3.828,48.74,3.84,346.9,10.74,1.284,0.026,1.519,0.309,0.028,0.086,0.035
SWD4,2.801026263,30,0.823541227,3.162516907,43,0.840826547,1.97595569,13,0.770368305,32.4309,110.7499833,1127,14.28,10.9,21.1,20.1,1000,439,459,4.2,0.18,0.193,0.128,0.017,0.035,2.783,28.85,0.35,178.4,6.75,0.627,0.017,1.411,0.186,0.011,0.048,0.02
SWD5,1.929236668,17,0.680935896,2.478439248,28,0.743783655,1.667301905,11,0.695318901,32.43086667,110.7497,1122,14.35,10.9,21.1,20.1,1000,439,459,4.06,0.23,0.177,0.047,0.016,0.026,2.774,31.77,0.2,174.4,5.26,0.323,0.017,1.137,0.143,0.01,0.042,0.012
SWD6,2.786963632,29,0.827656307,2.901486977,39,0.791985302,1.220991164,10,0.530269725,32.43076667,110.7493167,1104,14.38,10.9,21.1,20.1,1000,439,459,4.32,0.21,0.453,0.133,0.041,0.052,5.346,40.92,9.23,383.7,10.42,0.428,0.016,1.537,0.211,0.04,0.038,0.008
SWD7,2.856819224,32,0.824303786,3.297469855,49,0.847282146,2.269228612,17,0.800938135,32.43066667,110.7494167,1095,14.1,10.9,21.1,20.1,1000,439,459,4.41,0.24,0.311,0.072,0.025,0.037,3.804,34.39,10.29,273.1,8.43,0.358,0.016,1.529,0.252,0.026,0.046,0.01
SWD8,2.879710982,32,0.830908951,3.236761239,44,0.855338012,2.041319247,12,0.821487297,32.43081667,110.7492833,1078,14.1,10.9,21.1,20.1,1000,439,459,4.26,0.26,0.326,0.038,0.022,0.042,4.303,47.72,1.67,282.6,6.58,0.391,0.018,1.436,0.225,0.021,0.039,0.01
SWD9,2.722088658,36,0.759613303,3.129570601,52,0.792046966,2.034991982,16,0.73396821,32.43125,110.7491667,1106,14.38,10.9,21.1,20.1,1000,439,459,4.06,0.3,0.373,0.039,0.025,0.043,5.629,52.84,0.9,300.3,8.66,0.358,0.017,1.477,0.209,0.018,0.026,0.01
SWD10,2.403714316,29,0.713841147,2.507400261,43,0.666648991,0.805229646,14,0.30512018,32.43128333,110.7489,1085,14.33,10.9,21.1,20.1,1000,439,459,3.96,0.26,0.356,0.037,0.023,0.048,5.385,36.68,0.35,288.8,7.49,0.426,0.019,1.525,0.254,0.02,0.038,0.01
DHY1,3.272211583,37,0.906199383,3.47849443,57,0.860363671,1.981517618,20,0.661446831,31.52675,110.0154,1830,9.48,9,18.5,17.7,1268,530,552,6.62,0.37,0.46,0.202,0.069,0.083,5.102,8.75,88.84,452.1,16.28,1.137,0.021,3.866,0.45,0.364,0.081,0.016
DHY2,2.75787708,25,0.856782687,3.123628442,38,0.858709129,1.945588663,13,0.758529075,31.52685,110.0151667,1817,9.68,9,18.5,17.7,1268,530,552,6.25,0.34,0.371,0.188,0.059,0.074,3.799,7.86,85.46,394.7,29.81,0.935,0.021,3.247,0.5,0.266,0.09,0.016
DHY3,2.22297202,18,0.769095537,3.007761386,39,0.820993797,2.667797612,21,0.876261439,31.52653333,110.01505,1798,9.55,9,18.5,17.7,1268,530,552,5.16,0.32,0.339,0.189,0.052,0.068,3.636,12.78,82.72,326.6,5.84,0.806,0.025,3.458,0.594,0.186,0.087,0.019
DHY4,2.453603479,17,0.866014373,3.06298772,32,0.883791439,2.372213696,15,0.875985864,31.5263,110.0152167,1773,9.58,9,18.5,17.7,1268,530,552,5.9,0.37,0.387,0.178,0.064,0.07,3.967,9.03,88.35,383.6,6.68,0.737,0.02,3.422,0.484,0.326,0.054,0.014
DHY5,2.3391403,22,0.756748034,2.797828394,40,0.758449396,1.805662077,18,0.624716205,31.52656667,110.01475,1766,9.73,9,18.5,17.7,1268,530,552,5.91,0.34,0.294,0.176,0.057,0.062,2.945,6.86,69.28,310.4,6.6,0.724,0.021,3.159,0.612,0.235,0.067,0.017
DHY6,2.456930653,16,0.886150417,3.0636673,33,0.876207829,2.367598088,17,0.835658244,31.52658333,110.0145167,1761,9.83,9,18.5,17.7,1268,530,552,5.61,0.35,0.337,0.176,0.066,0.068,3.422,9.43,80.44,306.8,7.27,0.741,0.022,3.262,0.518,0.289,0.072,0.015
DHY7,2.726752833,24,0.85799454,3.34947093,42,0.896138844,2.685364619,18,0.929072398,31.52681667,110.0145833,1814,9.93,9,18.5,17.7,1268,530,552,5.51,0.34,0.309,0.192,0.049,0.065,3.243,11.34,82.25,277.1,7.3,0.763,0.022,3.001,0.591,0.239,0.084,0.015
DHY8,2.759833377,25,0.857390445,3.075500704,36,0.858234812,1.797292852,11,0.749529336,31.52678333,110.0145333,1818,9.93,9,18.5,17.7,1268,530,552,5.62,0.34,0.385,0.217,0.053,0.078,4.29,11.17,79.84,341.4,7.45,0.951,0.026,2.99,0.626,0.209,0.132,0.017
DHY9,2.786588385,29,0.827544869,3.167259549,43,0.842087486,2.019059372,14,0.765068401,31.52688333,110.0142,1805,10.15,9,18.5,17.7,1268,530,552,5.04,0.32,0.291,0.24,0.05,0.076,3.134,13.57,67.98,268.4,6.07,1.32,0.023,3.056,0.593,0.25,0.085,0.047
DHY10,2.364706684,17,0.834637705,2.804800609,27,0.851013179,1.775445954,10,0.771066381,31.5264,110.0150667,1793,10,9,18.5,17.7,1268,530,552,5.58,0.31,0.453,0.273,0.106,0.083,4.825,9.17,61.08,247,12.35,0.942,0.021,4.218,0.518,0.342,0.073,0.027
SNJ1,2.845963521,41,0.766368195,3.581380584,79,0.819641452,2.930503286,38,0.80561756,31.48868333,110.3595,1844,16.37,9.5,19.1,18.3,1234,520,532,6.24,0.49,0.127,0.474,0.025,0.284,2.562,14.18,5.195,122.5,2.649,0.275,0.021,2.456,0.513,0.71,0.055,0.007
SNJ2,2.525122608,33,0.722184226,2.472761128,40,0.670328526,1.034105287,7,0.531424993,31.48886667,110.3598833,1817,16.73,9.5,19.1,18.3,1234,520,532,4.78,0.39,0.177,0.416,0.024,0.085,2.791,16.01,1.225,198.765,3.174,0.039,0.002,2.734,0.526,0.036,0.032,0.003
SNJ3,3.052679481,41,0.822033187,2.723801028,59,0.668001475,1.022309027,19,0.347199937,31.48883333,110.3606333,1787,16.47,9.5,19.1,18.3,1234,520,532,5.07,0.51,0.203,0.375,0.024,0.012,2.849,19.535,2.695,186.322,3.473,0.406,0.007,2.512,0.524,0.048,0.023,0.003
SNJ4,1.836437519,28,0.55111789,1.61136594,29,0.478534118,0.689670928,2,0.994984828,31.48961667,110.3606167,1725,17.2,9.5,19.1,18.3,1234,520,532,5.04,0.51,0.169,0.374,0.019,0.015,2.414,19.625,2.255,158.377,3.497,0.089,0.009,2.413,0.543,0.053,0.031,0.003
SNJ5,2.356967209,25,0.732233033,2.34324582,28,0.703211886,0.943230069,3,0.858565009,31.4897,110.3604167,1781,16.77,9.5,19.1,18.3,1234,520,532,5,0.52,0.158,0.354,0.023,0.015,2.711,21.045,41.645,152.902,3.469,0.351,0.014,2.471,0.563,0.046,0.033,0.008
SNJ6,2.320689542,23,0.740135169,2.188730776,25,0.679967447,0.678548626,2,0.978938737,31.48968333,110.3596333,1825,16.13,9.5,19.1,18.3,1234,520,532,5.15,0.53,0.181,0.265,0.016,0.028,2.811,18.665,5.97,162.823,3.229,0.055,0.008,2.056,0.441,0.033,0.021,0.002
SNJ7,2.015291045,22,0.651977796,2.82704304,37,0.782915344,2.092012777,13,0.815615626,31.49023333,110.3595333,1799,16.47,9.5,19.1,18.3,1234,520,532,6.05,0.53,0.223,0.387,0.024,0.016,3.294,16.705,23.89,204.939,2.835,0.284,0.009,2.55,0.618,0.11,0.03,0.006
SNJ8,0.692696189,25,0.215198171,0.692696189,25,0.215198171,0,0,0,31.49018333,110.35995,1782,16.33,9.5,19.1,18.3,1234,520,532,5.45,0.42,0.223,0.379,0.026,0.02,3.157,19.555,5.805,199.98,3.739,0.377,0.01,2.462,0.605,0.091,0.028,0.007
SNJ9,2.324268733,25,0.722074681,2.53606701,29,0.753146483,1.571687453,5,0.976544321,31.49103333,110.36025,1739,16.23,9.5,19.1,18.3,1234,520,532,5.57,0.45,0.222,0.392,0.022,0.01,3.144,20.35,2.19,219.939,3.18,0.103,0.002,2.51,0.587,0.065,0.02,0.003
SNJ10,1.423224046,22,0.460434972,1.423224046,22,0.460434972,0,0,0,31.49088333,110.3601333,1748,16.1,9.5,19.1,18.3,1234,520,532,5.13,0.52,0.241,0.421,0.029,0.062,3.405,29.72,3.51,228.774,3.755,0.369,0.002,2.597,0.584,0.051,0.035,0.006
HH1,2.5862004,17,0.912815269,3.138774314,31,0.914032035,2.334379636,14,0.884550559,30.0772,110.5492,1517,12.33,11.5,20.9,18.8,1456,595,610,5.12,0.45,0.484,0.164,0.086,0.069,4.67,36.34,18.37,485.7,5.72,0.463,0.023,4.229,0.554,0.304,0.104,0.01
HH2,2.136571441,15,0.788970396,2.731897526,25,0.848711685,2.013007192,10,0.874237915,30.0772,110.54945,1576,12.5,11.5,20.9,18.8,1456,595,610,5.89,0.4,0.398,0.194,0.117,0.074,4.102,21.3,22.76,398.3,5.32,0.703,0.024,4.701,0.58,0.582,0.098,0.018
HH3,2.329617653,12,0.93750711,2.788899455,19,0.947175158,1.797920555,7,0.923948393,30.07758333,110.54885,1547,12.33,11.5,20.9,18.8,1456,595,610,5.81,0.45,0.492,0.174,0.098,0.08,5.243,25.31,48.91,477.3,5.09,0.852,0.025,4.771,0.558,0.567,0.115,0.019
HH4,2.116550875,15,0.781577415,2.539365395,21,0.834076755,1.47545193,6,0.823465401,30.07795,110.5486833,1554,12.68,11.5,20.9,18.8,1456,595,610,6.18,0.41,0.405,0.141,0.065,0.063,4.602,25.26,34.51,401.2,4,0.737,0.022,3.968,0.456,0.283,0.13,0.017
HH5,2.023546902,10,0.878815253,2.570718128,17,0.907350706,1.755518074,7,0.902157828,30.07886667,110.54915,1562,12.3,11.5,20.9,18.8,1456,595,610,7.53,0.45,0.587,0.195,0.062,0.147,6.489,7.15,46.94,414.3,4.81,5.381,0.023,2.638,2.99,0.095,0.141,0.01
HH6,2.306013808,13,0.899048475,2.642019854,18,0.914076138,1.40448944,5,0.872658354,30.07848333,110.5496833,1575,12.83,11.5,20.9,18.8,1456,595,610,7.17,0.4,0.376,0.266,0.051,0.062,4.317,10.23,25.82,312.2,8.67,1.301,0.021,3.104,1.937,0.092,0.125,0.02
HH7,1.852516773,13,0.722243021,2.403337426,21,0.78939718,1.595436226,8,0.767242644,30.07851667,110.5500333,1588,12.98,10.7,20,18,1480,602,617,7.66,0.36,0.414,0.29,0.053,0.126,4.585,6.55,38.99,391.8,2.78,6.741,0.026,2.196,4.431,0.077,0.151,0.01
HH8,2.365001571,17,0.834741788,2.469403831,24,0.777017622,0.768665847,7,0.395016104,30.07891667,110.55025,1592,13.03,10.7,20,18,1480,602,617,6.6,0.5,0.787,0.134,0.04,0.099,10.16,35.28,49.4,625.8,4.2,1.578,0.02,2.703,1.102,0.052,0.083,0.01
HH9,2.214988546,17,0.781793772,2.62316528,24,0.825399889,1.529976243,7,0.786252255,30.08001667,110.5504833,1587,13.15,10.7,20,18,1480,602,617,7.35,0.42,0.387,0.134,0.041,0.068,4.196,8.15,29.2,375.4,4.17,1.288,0.02,3.509,1.795,0.065,0.073,0.01
HH10,2.331626128,16,0.840956363,2.737315073,24,0.861318033,1.639150457,8,0.788264745,30.07996667,110.5506333,1586,13.2,10.7,20,18,1480,602,617,6.33,0.37,0.399,0.148,0.062,0.078,4.528,14.72,31.11,357,9,0.899,0.024,3.054,1.113,0.055,0.119,0.012
MLZ1,2.956617798,45,0.776695545,3.224467396,53,0.812148695,1.850624087,8,0.889962065,30.05991667,110.2232667,1393,11.45,10.2,19.5,17.5,1515,614,632,4.43,0.47,0.393,0.131,0.049,0.093,2.864,68.13,2.46,188.5,3.94,0.462,0.01,3.644,0.363,0.019,0.098,0.01
MLZ2,2.939530959,38,0.808099336,3.130632389,45,0.82240871,1.603292745,7,0.823929484,30.0599,110.2232667,1454,11.08,10.2,19.5,17.5,1515,614,632,4.3,0.5,0.574,0.184,0.051,0.094,8.868,109.1,0.13,478.4,5.81,0.411,0.01,3.31,0.366,0.015,0.058,0.015
MLZ3,2.955925866,41,0.795979131,3.208011991,49,0.824296022,1.802641735,8,0.86688743,30.0604,110.2234667,1474,11.55,10.2,19.5,17.5,1515,614,632,4.36,0.41,0.417,0.128,0.048,0.08,6.481,99.14,1.13,382.5,4.47,0.365,0.01,3.705,0.331,0.015,0.108,0.01
MLZ4,2.864299565,32,0.826462156,3.180171516,40,0.862096893,1.902372914,8,0.91484799,30.06063333,110.22445,1478,10.7,10.2,19.5,17.5,1515,614,632,4.68,0.31,0.303,0.161,0.048,0.066,4.226,41.44,0.78,215.4,2.87,0.266,0.01,4.104,0.445,0.048,0.06,0.01
MLZ5,2.935427366,31,0.854816047,2.865468042,35,0.805959921,0.816006889,4,0.588624546,30.06038333,110.2245833,1478,11.13,10.2,19.5,17.5,1515,614,632,4.53,0.34,0.32,0.276,0.054,0.088,4.655,53.85,0.67,251.4,3.48,0.475,0.01,4.264,0.392,0.049,0.072,0.012
MLZ6,2.998948399,34,0.850437265,3.07499044,38,0.845338173,1.317532017,4,0.950398453,30.0602,110.2248,1473,11.1,10.2,19.5,17.5,1515,614,632,4.58,0.35,0.402,0.165,0.048,0.061,5.825,93.56,0.3,348.6,3.9,0.57,0.01,4.514,0.348,0.043,0.036,0.025
MLZ7,3.085995222,35,0.86798681,3.328157827,44,0.879490234,1.902940533,9,0.86606556,30.06005,110.2249667,1467,11.13,10.2,19.5,17.5,1515,614,632,4.63,0.37,0.258,0.091,0.029,0.031,3.958,44.21,0.35,251.6,3.09,-0.027,0.01,3.811,0.351,0.028,0.045,0.01
MLZ8,2.825482284,34,0.801246005,2.933573618,38,0.806461618,1.240213782,4,0.894625137,30.06001667,110.2246833,1462,11.38,10.2,19.5,17.5,1515,614,632,4.47,0.37,0.324,0.194,0.045,0.05,4.744,57.07,0.73,304.2,3.84,0.529,0.01,4.109,0.478,0.055,0.079,0.02
MLZ9,2.924926268,31,0.851758057,2.744016528,34,0.778144069,1.186811193,4,0.856103312,30.05986667,110.22455,1484,11.43,10.2,19.5,17.5,1515,614,632,4.68,0.34,0.422,0.21,0.052,0.072,6.392,67.24,0.35,336.9,5.74,0.598,0.01,4.542,0.39,0.037,0.12,0.018
MLZ10,3.000097345,33,0.858026843,2.270374968,40,0.615464668,1.842020508,7,0.946611285,30.05985,110.22495,1492,11.33,10.2,19.5,17.5,1515,614,632,4.42,0.36,0.555,0.276,0.074,0.084,6.646,57.72,11.34,454.1,5.19,0.299,0.01,4.371,0.492,0.095,0.05,0.017
HPS1,2.070275232,12,0.833140043,2.651612714,29,0.787460576,1.904745173,17,0.672291473,30.04463333,110.5305333,1813,11.15,9.1,18.4,16.3,1542,622,637,5.17,0.44,0.487,0.241,0.079,0.057,5.559,93.81,6.85,467.3,7.1,0.253,0.014,3.452,0.732,0.144,0.047,0.011
HPS2,2.293228961,13,0.894064031,2.924986269,30,0.859987217,2.365377975,19,0.803337407,30.04451667,110.53025,1817,11.43,9.1,18.4,16.3,1542,622,637,5.3,0.47,0.488,0.269,0.092,0.068,5.555,87.84,8.26,468.4,8.5,0.445,0.013,3.515,0.741,0.146,0.055,0.022
HPS3,2.009993043,14,0.761632959,2.323141394,30,0.683036335,1.050751261,17,0.370869092,30.04453333,110.53025,1820,11.53,9.1,18.4,16.3,1542,622,637,5.67,0.49,0.561,0.253,0.107,0.078,6.325,81.28,15.87,527.7,9.88,0.592,0.015,3.494,0.778,0.167,0.043,0.018
HPS4,2.239476362,13,0.873107438,2.652507902,31,0.77242801,1.63917013,21,0.538399754,30.04431667,110.5299,1823,11.4,9.1,18.4,16.3,1542,622,637,5.34,0.47,0.494,0.259,0.09,0.065,5.632,99.9,5.4,445.6,8.52,0.364,0.015,3.323,0.733,0.157,0.053,0.016
HPS5,1.061656234,9,0.483180575,1.433339594,20,0.478460511,0.705938098,13,0.275224965,30.04455,110.5305333,1824,11.88,9.1,18.4,16.3,1542,622,637,5.82,0.5,0.559,0.258,0.09,0.086,6.197,69.11,10.62,502.9,6.9,1.176,0.017,3.504,0.756,0.148,0.082,0.037
HPS6,1.763478069,11,0.735427476,2.189672715,19,0.743663812,1.132519502,8,0.544626756,30.04431667,110.5303167,1822,11.55,9.1,18.4,16.3,1542,622,637,5.62,0.5,0.558,0.259,0.09,0.083,6.146,93.69,16.43,506.2,8.4,0.98,0.018,3.45,0.773,0.155,0.074,0.03
HPS7,1.420618797,9,0.646551477,1.95611403,21,0.642502747,1.129861394,13,0.440500469,30.04423333,110.5301333,1826,11.5,9.1,18.4,16.3,1542,622,637,5.37,0.49,0.548,0.092,0.075,0.065,6.073,107.5,15.28,535.3,9.12,0.501,0.018,2.314,0.387,0.138,0.035,0.012
HPS8,2.018980763,10,0.876832204,2.426334936,31,0.706564932,1.344945149,22,0.435110539,30.04418333,110.5301167,1826,11.53,9.1,18.4,16.3,1542,622,637,5.29,0.47,0.466,0.291,0.087,0.071,5.233,90.38,15.36,499.8,7.11,0.763,0.019,3.463,0.77,0.138,0.089,0.025
HPS9,2.522578484,21,0.828562947,2.742006189,41,0.738374304,1.339218095,22,0.433257749,30.04406667,110.5299333,1834,11.45,9.1,18.4,16.3,1542,622,637,5.58,0.5,0.481,0.255,0.087,0.072,5.179,89.74,7.91,476.8,8.19,0.623,0.017,3.38,0.782,0.151,0.062,0.021
HPS10,2.106028859,11,0.878282252,2.441493408,24,0.768235385,1.280047837,17,0.451800723,30.04425,110.53305,1828,11.63,9.1,18.4,16.3,1542,622,637,5.34,0.51,0.501,0.26,0.09,0.073,5.536,99.45,12.71,482,8.45,0.592,0.018,3.414,0.803,0.146,0.058,0.023
BDGS1,3.136942734,47,0.814759084,3.463554581,61,0.842534871,2.156570726,14,0.817174641,29.7727,110.0740667,1427,12.1,11.6,20.9,18.9,1526,618,646,4.14,0.5,0.434,0.133,0.055,0.107,5.308,42.39,55.03,471.5,6.64,0.397,0.01,3.259,0.345,0.048,0.081,0.011
BDGS2,2.871212813,45,0.754259885,3.259539153,58,0.802754563,2.12664933,13,0.829119422,29.77285,110.0740667,1429,12.15,11.6,20.9,18.9,1526,618,646,4.05,0.52,0.742,0.112,0.066,0.12,9.514,128.8,54.35,681.4,9.08,0.403,0.01,3.043,0.263,0.031,0.104,0.01
BDGS3,3.083383382,45,0.809996523,3.430482509,59,0.841312326,2.215138259,14,0.839367237,29.77298333,110.0735833,1437,12.08,11.6,20.9,18.9,1526,618,646,4.45,0.45,0.302,0.084,0.051,0.092,3.539,82.84,16.96,334.9,4.49,0.278,0.01,3.788,0.169,0.075,0.066,0.01
BDGS4,3.097445822,44,0.818522887,3.387719063,54,0.849268642,2.058723038,10,0.894092055,29.77318333,110.07395,1451,12.3,11.6,20.9,18.9,1526,618,646,4.14,0.49,0.536,0.112,0.056,0.118,7.235,80.6,19.44,545.8,5.19,0.892,0.01,3.282,0.192,0.027,0.12,0.028
BDGS5,3.299966875,43,0.877370726,3.490951206,55,0.871140742,1.963377363,12,0.790121175,29.77348333,110.07395,1461,12.35,11.6,20.9,18.9,1526,618,646,4.2,0.46,0.504,0.103,0.062,0.101,6.796,96.41,47.59,488.9,7.33,0.212,0.01,3.623,0.195,0.055,0.046,0.01
BDGS6,3.285805926,50,0.839925001,3.349122906,59,0.821359203,1.566214361,9,0.712814874,29.77411667,110.0738667,1503,12.8,11.6,20.9,18.9,1526,618,646,3.97,0.52,0.694,0.11,0.071,0.123,9.719,48.89,69.55,645.3,9.07,0.442,0.01,3.264,0.263,0.045,0.097,0.011
BDGS7,2.896434392,46,0.756517546,2.946168043,52,0.745630554,1.13609284,6,0.634065486,29.77421667,110.0739667,1502,12.38,11.6,20.9,18.9,1526,618,646,4.17,0.48,0.45,0.139,0.053,0.105,5.26,100.4,47.32,501.9,6.62,0.516,0.01,3.324,0.382,0.067,0.121,0.014
BDGS8,3.114717113,36,0.86917836,3.286659346,45,0.863396572,1.721001307,9,0.78326145,29.77378333,110.07515,1451,12.98,11.2,20.4,18.4,1537,620,648,3.77,0.44,0.497,0.108,0.063,0.094,6.073,106,62.39,506.3,6.98,0.314,0.01,3.572,0.207,0.056,0.069,0.01
BDGS9,3.327704949,48,0.859605311,2.488780038,59,0.610363503,1.68661102,11,0.703371427,29.77325,110.0747667,1438,13.05,11.6,20.9,18.9,1526,618,646,4.19,0.46,0.403,0.117,0.052,0.097,4.976,68.16,18.67,415.7,5.23,0.44,0.01,3.663,0.299,0.046,0.087,0.011
BDGS10,3.082150819,41,0.829969303,3.435709015,55,0.857355467,2.233282903,14,0.846242663,29.77313333,110.0748667,1426,12.83,11.6,20.9,18.9,1526,618,646,4.14,0.48,0.438,0.28,0.044,0.088,5.273,25.7,61.72,452.4,5.59,0.373,0.02,3.618,0.467,0.051,0.256,0.014
MYH1,2.972144837,46,0.7762923,3.280838251,65,0.785944868,1.988682575,19,0.675402883,28.7071,108.2014667,1176,14.08,12.6,21.7,19.8,1346,534,571,4.68,0.31,0.313,0.134,0.03,0.062,3.98,21.71,43.86,337.3,3.71,0.486,0.02,2.527,0.4,0.048,0.099,0.01
MYH2,2.506943039,22,0.811034813,3.091311125,44,0.816901748,2.350504793,22,0.760424623,28.70738333,108.2016167,1160,14.28,12.6,21.7,19.8,1346,534,571,4.94,0.27,0.238,0.159,0.028,0.059,2.635,59.85,9.64,247.6,3.33,0.422,0.019,2.628,0.403,0.066,0.123,0.012
MYH3,2.427011413,29,0.720759783,2.955199733,51,0.751610068,2.102033867,22,0.680040439,28.70756667,108.2016833,1147,13.5,12.6,21.7,19.8,1346,534,571,4.95,0.32,0.403,0.098,0.037,0.066,4.838,31.08,60.85,402.2,4.76,0.312,0.014,2.57,0.422,0.09,0.037,0.01
MYH4,3.170059407,37,0.877909574,3.687424063,68,0.873899118,2.812610871,31,0.819051063,28.70798333,108.2016333,1135,13.75,12.6,21.7,19.8,1346,534,571,5.45,0.32,0.334,0.114,0.037,0.056,3.698,11.99,68.12,370.6,5.05,0.361,0.014,2.562,0.371,0.128,0.028,0.01
MYH5,2.955092568,36,0.824634282,3.480387116,57,0.860831804,2.621433708,21,0.861032809,28.70813333,108.2015167,1127,13.58,12.6,21.7,19.8,1346,534,571,4.76,0.3,0.276,0.093,0.026,0.052,2.614,73.18,21.82,303.3,4.5,0.199,0.015,2.313,0.296,0.089,0.049,0.01
MYH6,3.07332126,33,0.878968859,3.525714879,51,0.896711912,2.520959613,18,0.872192169,28.70845,108.2014167,1114,13.7,13.3,22.4,20.5,1323,525,564,5.51,0.32,0.408,0.111,0.034,0.068,4.863,12.6,71.76,424.3,5.45,0.434,0.013,2.404,0.362,0.078,0.06,0.01
MYH7,3.047464253,31,0.887441936,3.54388054,52,0.896902543,2.62717061,21,0.862917145,28.70896667,108.2011333,1103,13.68,13.3,22.4,20.5,1323,525,564,5.71,0.35,0.448,0.102,0.032,0.064,5.333,13.6,84.18,447.4,5.21,0.421,0.01,2.245,0.393,0.054,0.045,0.01
MYH8,3.216570577,33,0.919938115,3.579211464,50,0.914925975,2.394950732,17,0.845312527,28.7092,108.2010667,1103,13.8,13.3,22.4,20.5,1323,525,564,5.32,0.32,0.399,0.073,0.026,0.059,4.908,22.78,69.83,414.9,4.38,0.284,0.011,2.065,0.345,0.068,0.031,0.01
MYH9,1.92320909,22,0.62218786,2.587989681,34,0.733898211,2.008008359,12,0.80808201,28.70863333,108.2009167,1136,13.7,13.3,22.4,20.5,1323,525,564,4.59,0.3,0.336,0.094,0.025,0.075,4.785,64.98,0.74,300,4.1,0.709,0.02,1.856,0.258,0.019,0.083,0.028
MYH10,2.597882335,27,0.788231469,3.106882446,40,0.842229323,2.215340164,13,0.863697428,28.70833333,108.20095,1131,13.83,12.6,21.7,19.8,1346,534,571,4.51,0.31,0.338,0.096,0.03,0.065,4.548,42.11,7.17,311.9,4.72,0.498,0.019,1.975,0.358,0.025,0.083,0.014
BYS1,2.853297689,38,0.784393156,3.294258535,49,0.846457,2.283675678,12,0.9190187,28.67703333,109.3216167,1044,13.63,14.1,23.5,21.5,1421,562,603,4.46,0.46,0.498,0.093,0.033,0.098,8.09,65.56,1.61,442.3,6.05,0.383,0.019,2.939,0.237,0.01,0.065,0.014
BYS2,3.150248866,67,0.749222155,3.418920784,75,0.791877289,2.078187653,10,0.90254543,28.67673333,109.3214833,1050,14.05,14.1,23.5,21.5,1421,562,603,4.4,0.45,0.514,0.124,0.037,0.108,7.824,58.8,0.2,410.4,5.9,0.491,0.02,3.142,0.307,0.012,0.115,0.016
BYS3,2.943102644,63,0.71035649,3.174021738,70,0.747093161,1.726317421,8,0.830183194,28.67668333,109.3213667,1058,13.5,14.1,23.5,21.5,1421,562,603,4.45,0.44,0.544,0.102,0.035,0.099,8.767,94.36,0.55,508.1,6.1,0.429,0.021,3.036,0.261,0.011,0.075,0.012
BYS4,2.863580203,54,0.717872062,3.203913065,64,0.770378248,1.975036284,10,0.85774736,28.67653333,109.3212833,1058,14.03,14.1,23.5,21.5,1421,562,603,4.28,0.35,0.386,0.067,0.021,0.068,5.843,65.68,0.24,452.6,5.47,0.361,0.02,1.413,0.117,0.006,0.097,0.01
BYS5,3.341433349,53,0.841608985,3.505572373,60,0.856198671,1.977187538,8,0.950826219,28.67623333,109.3211833,1068,13.05,14.1,23.5,21.5,1421,562,603,4.4,0.48,0.575,0.06,0.035,0.114,9.233,98.91,0.2,489.7,6.88,0.447,0.021,2.633,0.191,0.008,0.084,0.013
BYS6,3.516636929,75,0.814509927,3.609126416,83,0.816758679,1.944555309,9,0.88500526,28.676,109.3211667,1072,13.2,14.1,23.5,21.5,1421,562,603,4.43,0.45,0.523,0.08,0.036,0.099,7.545,115.5,4.55,486.3,4.53,0.471,0.022,3.178,0.197,0.012,0.105,0.013
BYS7,3.235070378,68,0.766693796,3.498212276,78,0.802948376,2.14326875,11,0.893812492,28.67568333,109.3209833,1076,13.38,14.1,23.5,21.5,1421,562,603,4.52,0.54,0.629,0.097,0.035,0.123,8.924,95.12,1.45,437.2,5.88,0.473,0.021,2.741,0.37,0.015,0.109,0.017
BYS8,3.383801341,74,0.786187306,3.560395676,82,0.807947018,2.072093675,9,0.943050472,28.67511667,109.3206333,1083,13.3,14.1,23.5,21.5,1421,562,603,4.57,0.56,0.645,0.087,0.044,0.116,10,126.4,5.84,559.2,5.69,0.372,0.02,2.806,0.278,0.011,0.088,0.011
BYS9,3.553069652,68,0.842057866,3.590924202,75,0.83171606,1.820698179,8,0.875570744,28.6751,109.3321333,1083,13.28,15,24.7,22.6,1389,552,593,4.12,0.46,0.36,0.117,0.032,0.094,4.837,24.43,49.12,367.4,5.06,0.522,0.015,3.128,0.383,0.029,0.066,0.029
BYS10,3.455067294,70,0.813244948,3.67023412,85,0.826135996,2.374745565,18,0.82160558,28.6748,109.3206167,1090,13.23,15,24.6,22.6,1389,551,593,4.11,0.48,0.472,0.096,0.036,0.09,6.585,38.05,64.29,453.7,5.86,0.234,0.014,3.168,0.341,0.027,0.058,0.014
GWJ1,2.888169484,23,0.921120973,3.094914444,29,0.919109755,1.598861859,6,0.892341794,28.66141667,110.0756,934,12.3,14.3,24,21.9,1487,581,637,4.43,0.37,0.475,0.12,0.051,0.086,6.544,57.8,36.72,468.1,4.22,0.506,0.025,3.394,0.307,0.069,0.099,0.017
GWJ2,2.222030298,16,0.801428023,2.33003909,18,0.806138201,0.636514168,2,0.918295834,28.66116667,110.0754667,937,12.28,14.3,24,21.9,1487,581,637,3.88,0.42,0.902,0.135,0.06,0.12,13.98,76.73,54.04,676.7,9.14,0.347,0.024,2.761,0.251,0.032,0.1,0.012
GWJ3,1.711409025,8,0.823013771,2.063004995,11,0.860339907,0.856654432,3,0.779760467,28.66256667,110.0758167,931,12.25,14.3,24,21.9,1487,581,637,3.9,0.39,0.664,0.126,0.047,0.086,10.97,80.38,8.25,451.7,5.55,0.369,0.024,3.026,0.189,0.022,0.116,0.012
GWJ4,2.539308144,18,0.878540325,2.531318764,20,0.844974962,0.605797499,2,0.873981048,28.66246667,110.0759667,915,13.2,14.3,24,21.9,1487,581,637,3.69,0.41,0.947,0.154,0.057,0.118,14.4,117.9,16.39,639.9,7.76,0.535,0.026,2.614,0.223,0.02,0.142,0.013
GWJ5,2.730188159,19,0.927235436,2.773147441,22,0.897156051,0.949523499,3,0.864293535,28.66228333,110.07595,899,13,14.3,24,21.9,1487,581,637,4.18,0.45,1.054,0.177,0.064,0.127,15.92,121.8,35.09,691.1,7.44,0.536,0.026,2.565,0.241,0.031,0.164,0.014
GWJ6,2.377620916,13,0.926966027,2.547605688,16,0.918854523,0.978032726,3,0.890243752,28.6622,110.0758833,900,13.03,14.3,24,21.9,1487,581,637,3.69,0.47,0.967,0.382,0.052,0.121,15.57,129.7,15.83,642.3,6.41,0.294,0.01,2.757,0.272,0.021,0.142,0.01
GWJ7,1.560407149,7,0.801890647,1.676785601,8,0.806363424,0,1,0,28.6633,110.07545,934,12,14.3,24,21.9,1487,581,637,4.52,0.31,0.245,0.221,0.043,0.077,3.341,41.4,0.67,205.9,2.89,0.419,0.01,3.632,0.245,0.023,0.15,0.01
GWJ8,2.17756165,10,0.945703009,2.289434352,12,0.921336161,0.603637252,2,0.870864469,28.66346667,110.0755167,934,13.03,14.3,24,21.9,1487,581,637,4.16,0.41,0.621,0.14,0.051,0.102,11.38,104.3,0.97,424.8,5.06,0.339,0.01,3.66,0.21,0.012,0.072,0.01
GWJ9,2.945265592,24,0.926751323,3.141697507,30,0.923703377,1.625018831,6,0.906940278,28.66386667,110.0740667,941,12.15,13.3,22.9,20.8,1515,587,642,4.38,0.36,0.669,0.2,0.075,0.112,7.915,29.18,81.74,565.7,9.73,0.573,0.01,3.056,0.362,0.131,0.119,0.011
GWJ10,2.760246705,21,0.906627151,2.852469399,27,0.865476513,1.127372283,6,0.629198451,28.66375,110.07425,944,12.2,13.3,22.9,20.8,1515,587,642,4.24,0.49,0.904,0.212,0.078,0.14,11.75,118.7,94.75,786.3,7.66,0.569,0.01,3.278,0.394,0.073,0.109,0.01
FJS1,3.464479703,49,0.890195188,3.681032288,62,0.891909966,2.204594953,13,0.85950818,27.87783333,108.7367167,1337,14.48,14.3,23.7,21.8,1259,488,525,3.89,0.44,0.522,0.08,0.059,0.094,6.235,33.24,72.51,429.1,6.81,0.429,0.021,3.458,0.261,0.024,0.066,0.016
FJS2,3.202086896,39,0.874036581,3.477260427,50,0.888865025,2.118064985,11,0.883301706,27.878,108.73675,1043,14.75,14.3,23.7,21.8,1259,488,525,3.92,0.43,0.624,0.089,0.06,0.103,7.087,44.85,81.88,488.7,8.24,0.44,0.02,3.382,0.292,0.046,0.066,0.017
FJS3,2.755134318,36,0.76883487,3.100916124,48,0.801021728,1.882937231,12,0.757749685,27.87823333,108.7367167,1042,14.9,14.3,23.7,21.8,1259,488,525,4.01,0.42,0.546,0.088,0.05,0.095,6.108,59.7,46.22,429.5,6.69,0.381,0.02,3.64,0.157,0.023,0.066,0.012
FJS4,3.272957066,50,0.836640547,3.471765341,60,0.847941664,1.959839385,10,0.85114743,27.87003333,108.7369667,1028,14.85,13.7,23,21.1,1283,498,533,4.01,0.43,0.512,0.136,0.053,0.095,5.521,38.45,72.58,403.9,6.85,0.432,0.021,3.599,0.246,0.025,0.061,0.013
FJS5,3.241339231,44,0.85654778,3.519165907,58,0.866695062,2.165276753,14,0.820473556,27.87835,108.7369667,1028,14.95,14.3,23.7,21.8,1259,488,525,3.97,0.42,0.495,0.097,0.057,0.09,5.172,32.72,86.29,404.3,6.29,0.467,0.021,3.564,0.132,0.027,0.08,0.011
FJS6,3.117127097,39,0.850846089,3.426213878,53,0.862962712,2.134844936,14,0.808942235,27.87858333,108.7372333,1021,14.98,14.3,23.7,21.8,1259,488,525,3.86,0.43,0.469,0.124,0.057,0.101,5.323,34.68,73.94,449.4,6.92,0.854,0.028,3.723,0.146,0.023,0.115,0.025
FJS7,2.963328191,39,0.808865382,3.342768174,46,0.873095134,2.192105633,13,0.854638953,27.8784,108.7371833,1017,15.08,14.3,23.7,21.8,1259,488,525,3.86,0.44,0.584,0.122,0.067,0.107,6.401,40.13,91.97,457.6,7.92,0.632,0.023,3.437,0.168,0.024,0.1,0.017
FJS8,2.850257732,40,0.772662205,3.015811323,46,0.787697518,1.437376001,6,0.80221482,27.87883333,108.7375333,987,15.15,14.3,23.7,21.8,1259,488,525,3.74,0.45,0.593,0.153,0.057,0.096,7.129,49.51,77.81,523,7.33,0.296,0.022,3.566,0.197,0.017,0.105,0.01
FJS9,3.110450905,33,0.889587924,3.256554105,40,0.88280307,1.639218002,7,0.842391414,27.87898333,108.7374833,991,15.1,14.3,23.7,21.8,1259,488,525,3.74,0.47,0.728,0.156,0.067,0.112,9.136,41.36,99.38,578.9,8.11,0.282,0.022,3.509,0.193,0.02,0.122,0.01
FJS10,2.831289464,29,0.840819936,3.09408567,37,0.856869567,1.710135576,8,0.822401372,27.879,108.7379833,966,15.15,14.3,23.7,21.8,1259,488,525,3.87,0.47,0.583,0.186,0.058,0.097,7.035,52.83,82.39,485.7,7.73,0.339,0.024,3.625,0.265,0.028,0.137,0.01
HS1,3.479346891,49,0.8940153,3.846938013,70,0.905482481,2.672577753,21,0.877831518,26.39403333,110.07945,1022,14.83,14.5,23.5,18.3,1485,520,647,4.04,0.45,0.436,0.129,0.054,0.086,5.452,22.2,90.59,446.7,8.46,0.35,0.01,2.126,0.098,0.144,0.045,0.01
HS2,3.04460756,38,0.836985689,3.209170221,46,0.838200784,1.62875304,8,0.783264645,26.39416667,110.0793667,1043,15.08,14.5,23.5,18.3,1485,520,647,4.07,0.44,0.397,0.188,0.053,0.098,4.962,31.52,86.67,411.2,5.77,0.72,0.01,2.281,0.127,0.16,0.065,0.028
HS3,3.167485568,38,0.870765785,3.279077369,45,0.861404807,1.592718466,7,0.81849538,26.39393333,110.0793833,1042,15.25,14.5,23.5,18.3,1485,520,647,4.04,0.44,0.404,0.145,0.044,0.093,4.981,29.36,87.08,408.5,4.64,0.49,0.01,2.379,0.193,0.127,0.092,0.011
HS4,3.023056973,36,0.843600111,3.354684528,50,0.857531902,2.108397133,14,0.79892055,26.39393333,110.0793,1052,15.3,14.5,23.5,18.3,1485,520,647,4.07,0.37,0.456,0.101,0.044,0.088,5.952,38.57,73.43,520.5,6.1,0.314,0.01,2.488,0.152,0.128,0.042,0.01
HS5,2.967481675,35,0.834652929,3.288487177,45,0.863876739,2.020955677,10,0.877689899,26.39371667,110.0790333,1057,15.18,14.5,23.5,18.3,1485,520,647,3.98,0.47,0.488,0.104,0.052,0.105,5.94,49.46,86.28,509.4,5.94,0.677,0.01,2.803,0.163,0.138,0.072,0.034
HS6,3.191160004,47,0.828840952,3.594400015,63,0.867555668,2.491337533,16,0.898560076,26.39373333,110.0787833,1061,15.13,14.5,23.5,18.3,1485,520,647,4.02,0.45,0.519,0.116,0.068,0.11,6.241,27.23,101.9,521.3,7.19,0.582,0.01,3.472,0.124,0.445,0.078,0.02
HS7,2.875794977,35,0.808864541,3.116574647,43,0.82861176,1.688591483,8,0.812040853,26.3941,110.0788833,1047,15.2,14.5,23.5,18.3,1485,520,647,4.29,0.54,0.345,0.158,0.053,0.093,4.499,15.09,58.22,377.3,5.66,0.387,0.01,3.007,0.156,0.328,0.066,0.012
HS8,3.059220544,39,0.835040007,3.155911482,46,0.824290174,1.439750853,7,0.739885577,26.39401667,110.0786,1063,15.13,14.5,23.5,18.3,1485,520,647,4.06,0.56,0.404,0.078,0.047,0.083,5.467,22.05,82.67,430,5.87,0.297,0.01,2.16,0.1,0.125,0.068,0.01
HS9,2.979893602,37,0.825245457,3.409427676,52,0.862874558,2.358953318,15,0.871089213,26.39393333,110.0785,1076,14.93,14.5,23.5,18.3,1485,520,647,3.92,0.46,0.401,0.093,0.084,0.111,4.749,22.23,86.24,453.4,7.18,0.465,0.012,4.266,0.09,0.525,0.098,0.01
HS10,3.184614427,38,0.875474638,3.327571692,47,0.864271201,1.703943718,9,0.775498206,26.39356667,110.0788667,1082,15.05,14.5,23.5,18.3,1485,520,647,3.93,0.48,0.408,0.1,0.053,0.095,5.376,40.49,76.09,412.2,6.04,0.416,0.01,3.927,0.143,0.107,0.068,0.01
MES1,2.887947641,37,0.799782136,2.75500089,42,0.737090533,0.579564882,5,0.360103908,25.90748333,110.4734833,1243,11.83,12.8,21.3,16.5,1631,590,717,3.64,0.43,0.568,0.147,0.045,0.125,6.417,44.98,70.99,498.6,6.93,0.812,0.01,1.727,0.12,0.01,0.105,0.091
MES2,2.770150637,36,0.773025254,3.034251773,45,0.797089782,1.65291154,9,0.752272461,25.90753333,110.4734167,1248,12.18,12.8,21.3,16.5,1631,590,717,3.64,0.51,0.538,0.167,0.055,0.119,7.488,38.7,65.19,540.5,7.58,0.481,0.01,2.161,0.111,0.01,0.106,0.021
MES3,2.33433838,33,0.66762,2.830892941,43,0.752656826,1.914459558,10,0.831439222,25.90763333,110.47325,1253,11.75,12.8,21.3,16.5,1631,590,717,3.62,0.49,0.556,0.092,0.055,0.108,6.517,53.87,78.87,593.6,7.11,0.343,0.01,2.093,0.108,0.01,0.054,0.01
MES4,2.190493754,29,0.65052014,2.806570571,41,0.755760362,2.129181701,12,0.85684575,25.90765,110.4730833,1254,11.73,12.8,21.3,16.5,1631,590,717,3.95,0.39,0.623,0.098,0.063,0.109,6.965,71.35,75.85,590.1,7.37,0.254,0.01,2.067,0.123,0.024,0.052,0.01
MES5,2.228863611,22,0.721071821,2.637168744,28,0.791418635,1.544236504,6,0.861854803,25.90778333,110.4729333,1254,11.55,12.8,21.3,16.5,1631,590,717,3.77,0.46,0.457,0.087,0.061,0.095,5.655,50.39,58.81,533.3,5.98,0.277,0.01,2.244,0.132,0.016,0.04,0.01
MES6,2.223144371,29,0.660216531,2.825873507,40,0.766052006,2.121789274,11,0.884854855,25.9078,110.4729,1255,11.68,12.8,21.3,16.5,1631,590,717,3.81,0.49,0.577,0.076,0.059,0.105,7.745,62.71,73.7,601,7.16,0.336,0.01,2.354,0.131,0.013,0.053,0.01
MES7,2.665693393,29,0.791642175,2.846223303,35,0.800547022,1.297740616,6,0.724282828,25.90818333,110.4734,1247,12.48,12.8,21.3,16.5,1631,590,717,3.86,0.44,0.584,0.061,0.063,0.111,9.038,47.99,49.07,519.6,7.16,0.346,0.01,3.14,0.157,0.014,0.061,0.01
MES8,2.894579711,35,0.814148056,3.005761323,40,0.8148169,1.318582041,5,0.819281086,25.9083,110.4732833,1244,12.78,12.8,21.3,16.5,1631,590,717,3.68,0.49,0.493,0.08,0.056,0.102,7.069,27.16,67.51,569.2,7.19,0.335,0.01,2.612,0.084,0.01,0.062,0.01
MES9,2.591612726,28,0.777747199,2.636479894,31,0.767760547,0.816671726,3,0.74336664,25.9086,110.4732,1242,13.33,11.6,19.9,15.3,1661,607,725,3.64,0.48,0.464,0.076,0.053,0.098,7.462,26.28,77.44,520.5,6.76,0.383,0.01,2.415,0.231,0.015,0.056,0.01
MES10,2.155838537,27,0.654109601,2.395307381,32,0.691139616,0.964702563,5,0.599403404,25.90865,110.4732333,1240,13.45,11.6,19.9,15.3,1661,607,725,3.78,0.57,0.446,0.084,0.048,0.089,6.001,37.71,62.59,465.5,6.99,0.238,0.01,2.409,0.195,0.013,0.049,0.01
HP1,3.330565334,47,0.865048741,3.553055475,57,0.878805447,2.020116086,9,0.919394452,25.56186667,109.9403667,1180,13.35,13,21,19.6,1646,649,750,3.78,0.47,0.73,0.144,0.066,0.098,8.695,58.81,86.95,719.5,7.49,0.152,0.016,3.45,0.118,0.01,0.068,0.01
HP2,3.158026028,33,0.903194394,3.296940345,39,0.899927629,1.665226474,6,0.929380591,25.56191667,109.9403,1201,12.9,13,21,19.6,1646,649,750,3.76,0.45,0.682,0.152,0.065,0.098,8.778,51.45,88.1,645.2,7.67,0.321,0.02,3.595,0.132,0.01,0.107,0.01
HP3,2.903954289,31,0.845650876,2.920503452,34,0.828191965,1.044059273,3,0.950343705,25.56226667,109.9400333,1195,12.73,13,21,19.6,1646,649,750,3.89,0.44,0.632,0.172,0.061,0.1,7.959,55.42,61.78,608.8,6.5,0.391,0.022,3.734,0.133,0.01,0.148,0.01
HP4,2.974216192,38,0.817634569,2.991145146,42,0.800270075,1.115460549,4,0.804634701,25.56223333,109.9399667,1190,12.7,13,21,19.6,1646,649,750,3.68,0.48,0.816,0.21,0.069,0.118,11.02,74.53,101.9,731.2,7.84,0.333,0.02,3.568,0.127,0.01,0.149,0.01
HP5,2.604205643,35,0.732475583,2.820841147,39,0.769972344,1.34456965,4,0.969901983,25.5624,109.9400833,1202,12.58,13,21,19.6,1646,649,750,3.77,0.48,0.821,0.141,0.068,0.116,11.7,74.77,96.83,713.6,9.24,0.363,0.02,3.548,0.113,0.01,0.087,0.01
HP6,2.541252373,34,0.720644516,2.965718994,43,0.788503377,1.90510973,9,0.867052804,25.5623,109.9402,1208,13,13,21,19.6,1646,649,750,3.73,0.49,0.794,0.112,0.067,0.109,10.74,71.72,95.66,711.7,8.21,0.233,0.018,3.458,0.094,0.01,0.1,0.01
HP7,2.385773192,35,0.67103787,2.747475243,41,0.739847024,1.617022917,7,0.830985397,25.56201667,109.9404833,1227,13.23,13,21,19.6,1646,649,750,3.69,0.45,0.703,0.117,0.066,0.112,9.488,69.24,75.5,668.5,8.61,0.492,0.024,3.471,0.112,0.01,0.13,0.01
HP8,2.943348197,34,0.834670243,3.071136646,40,0.832539172,1.41717104,6,0.790938217,25.56191667,109.9405833,1234,13.48,13,21,19.6,1646,649,750,3.66,0.5,0.927,0.111,0.078,0.136,13.71,72.63,84.02,733,9.59,0.447,0.024,3.229,0.123,0.011,0.114,0.01
HP9,2.817066299,34,0.798859413,2.616905277,36,0.730261322,0.307040727,2,0.442966135,25.5624,109.9406167,1238,12.9,13,21,19.6,1646,649,750,3.69,0.47,0.789,0.134,0.071,0.122,10.32,72,104.3,747.8,8.35,0.37,0.022,3.497,0.164,0.018,0.111,0.01
HP10,2.702077011,37,0.748307515,2.61538913,39,0.713892486,0.532470864,2,0.768193075,25.56253333,109.9406,1239,12.85,13,21,19.6,1646,649,750,3.77,0.47,0.855,0.125,0.075,0.125,11.56,70.78,79.96,726.6,7.43,0.395,0.024,3.33,0.157,0.024,0.12,0.01
DYS1,2.46674741,42,0.659969356,2.915246447,54,0.730824293,1.902702015,12,0.765703619,24.16336667,110.24755,1498,15.53,14.2,21.2,20,1648,724,783,3.77,0.62,0.669,0.12,0.025,0.092,11.09,277,63.29,749.2,64.8,0.172,0.016,0.087,0.018,0.012,0.155,0.01
DYS2,2.164542522,37,0.599443846,2.789475904,47,0.724511419,2.129800161,10,0.924960458,24.16336667,110.2472333,1496,15.28,14.2,21.2,20,1648,724,783,3.7,0.66,0.686,0.045,0.024,0.085,13.32,213.3,87.54,779.2,88.38,0.288,0.015,0.089,0.018,0.01,0.07,0.01
DYS3,2.259953345,38,0.6212783,2.798406905,48,0.722878222,1.921849479,9,0.874671392,24.16296667,110.2469333,1504,15.2,14.2,21.2,20,1648,724,783,3.45,0.63,0.67,0.068,0.03,0.099,15.26,118.6,45.55,620.2,28.43,0.538,0.023,0.605,0.04,0.01,0.107,0.01
DYS4,2.401863152,35,0.675563436,2.88975824,45,0.759131719,1.956005911,10,0.849482574,24.16291667,110.24665,1502,15.15,14.2,21.2,20,1648,724,783,3.76,0.4,0.306,0.068,0.02,0.054,4.705,57.29,24.86,358.5,12.39,0.321,0.021,0.676,0.025,0.01,0.106,0.01
DYS5,2.13778883,33,0.611406895,2.690761674,41,0.724575052,1.887164857,8,0.90753446,24.16295,110.24625,1512,15.45,14.2,21.2,20,1648,724,783,3.78,0.34,0.266,0.108,0.021,0.058,3.532,31.36,42.97,320.5,7.56,0.467,0.021,1.067,0.033,0.01,0.133,0.012
DYS6,2.255204269,39,0.615576995,2.806994942,50,0.717530275,2.001033783,11,0.834495904,24.1632,110.2461167,1512,15.3,14.2,21.2,20,1648,724,783,3.76,0.34,0.246,0.095,0.021,0.059,3.365,36.98,56.02,388,5.78,0.414,0.018,1.334,0.03,0.01,0.122,0.01
DYS7,2.406772073,33,0.688336013,2.914627243,44,0.77021173,2.020795078,11,0.842737004,24.16323333,110.246,1523,15.2,14.2,21.2,20,1648,724,783,3.84,0.35,0.291,0.076,0.022,0.058,3.795,43.55,61.08,407.8,5.69,0.347,0.021,1.577,0.034,0.01,0.092,0.01
DYS8,2.45216275,33,0.701317731,2.931181377,42,0.784226985,1.979676128,9,0.900989434,24.16326667,110.24595,1522,15.25,14.2,21.2,20,1648,724,783,3.74,0.54,0.681,0.095,0.031,0.093,14.59,33.06,89.85,637.2,11.13,0.39,0.02,1.369,0.044,0.01,0.092,0.01
DYS9,2.299905897,30,0.676204771,2.51947453,34,0.714468788,1.049069292,4,0.756743532,24.16325,110.2458,1533,15.15,14.2,21.2,20,1648,724,783,3.72,0.48,0.621,0.065,0.03,0.083,8.551,52.43,85.96,660.4,14.66,0.342,0.019,1.364,0.036,0.01,0.083,0.01
DYS10,2.602864937,31,0.757971647,2.937403938,37,0.813478459,1.696939436,6,0.947079932,24.16331667,110.2456167,1538,15.43,14.2,21.2,20,1648,724,783,3.7,0.37,0.474,0.079,0.026,0.07,6.911,61.22,64.71,419.7,9.58,0.248,0.016,1.354,0.023,0.01,0.082,0.01
